date,log_time,log_kind,code,name,price,status,source
2026-05-12,16:46:01,close,159869,游戏ETF,1.332,✗ 趋势偏弱,scan_0512.log
2026-05-12,16:46:01,close,159915,创业板ETF,3.947,◇ 多头排列,scan_0512.log
2026-05-12,16:46:01,close,159995,芯片ETF,2.311,◇ 多头排列,scan_0512.log
2026-05-12,16:46:01,close,510300,沪深300ETF,4.966,◇ 多头排列,scan_0512.log
2026-05-12,16:46:01,close,510500,中证500ETF,8.912,★ 买入信号,scan_0512.log
2026-05-12,16:46:01,close,512010,医药ETF,0.37,✗ 趋势偏弱,scan_0512.log
2026-05-12,16:46:01,close,512200,房地产ETF,1.509,★ 买入信号,scan_0512.log
2026-05-12,16:46:01,close,512400,有色金属ETF,2.208,★ 买入信号,scan_0512.log
2026-05-12,16:46:01,close,512480,半导体ETF,2.018,◇ 多头排列,scan_0512.log
2026-05-12,16:46:01,close,512580,环保ETF,1.47,★ 买入信号,scan_0512.log
2026-05-12,16:46:01,close,512660,军工ETF,1.483,★ 买入信号,scan_0512.log
2026-05-12,16:46:01,close,512690,酒ETF,0.475,✗ 趋势偏弱,scan_0512.log
2026-05-12,16:46:01,close,512800,银行ETF,0.785,✗ 趋势偏弱,scan_0512.log
2026-05-12,16:46:01,close,512980,传媒ETF,1.027,✗ 趋势偏弱,scan_0512.log
2026-05-12,16:46:01,close,515050,5GETF,3.299,◇ 多头排列,scan_0512.log
2026-05-12,16:46:01,close,515790,光伏ETF,1.123,★ 买入信号,scan_0512.log
2026-05-12,16:46:01,close,515880,通信ETF,1.483,✗ 趋势偏弱,scan_0512.log
2026-05-12,16:46:01,close,516110,汽车ETF,1.331,✗ 趋势偏弱,scan_0512.log
2026-05-12,16:46:01,close,516160,新能源ETF,3.345,◇ 多头排列,scan_0512.log
2026-05-12,16:46:01,close,588000,科创50ETF,1.811,◇ 多头排列,scan_0512.log
2026-05-13,22:29:35,close,159869,游戏ETF,1.324,✗ 趋势偏弱,scan_0513.log
2026-05-13,22:29:35,close,159915,创业板ETF,4.048,◇ 多头排列,scan_0513.log
2026-05-13,22:29:35,close,159995,芯片ETF,2.384,◇ 多头排列,scan_0513.log
2026-05-13,22:29:35,close,510300,沪深300ETF,5.017,◇ 多头排列,scan_0513.log
2026-05-13,22:29:35,close,510500,中证500ETF,9.009,◇ 多头排列,scan_0513.log
2026-05-13,22:29:35,close,512010,医药ETF,0.37,✗ 趋势偏弱,scan_0513.log
2026-05-13,22:29:35,close,512100,中证1000ETF,3.598,◇ 多头排列,scan_0513.log
2026-05-13,22:29:35,close,512200,房地产ETF,1.491,- 趋势完好,scan_0513.log
2026-05-13,22:29:35,close,512400,有色金属ETF,2.209,★ 买入信号,scan_0513.log
2026-05-13,22:29:35,close,512480,半导体ETF,2.088,◇ 多头排列,scan_0513.log
2026-05-13,22:29:35,close,512580,环保ETF,1.471,◇ 多头排列,scan_0513.log
2026-05-13,22:29:35,close,512660,军工ETF,1.488,★ 买入信号,scan_0513.log
2026-05-13,22:29:35,close,512690,酒ETF,0.462,✗ 趋势偏弱,scan_0513.log
2026-05-13,22:29:35,close,512800,银行ETF,0.78,✗ 趋势偏弱,scan_0513.log
2026-05-13,22:29:35,close,512880,证券ETF,1.095,✗ 趋势偏弱,scan_0513.log
2026-05-13,22:29:35,close,512980,传媒ETF,1.024,✗ 趋势偏弱,scan_0513.log
2026-05-13,22:29:35,close,515050,5GETF,1.156,✗ 趋势偏弱,scan_0513.log
2026-05-13,22:29:35,close,515070,人工智能ETF,2.576,◇ 多头排列,scan_0513.log
2026-05-13,22:29:35,close,515790,光伏ETF,1.146,★ 买入信号,scan_0513.log
2026-05-13,22:29:35,close,515880,通信ETF,1.557,✗ 趋势偏弱,scan_0513.log
2026-05-13,22:29:35,close,516110,汽车ETF,1.322,✗ 趋势偏弱,scan_0513.log
2026-05-13,22:29:35,close,516160,新能源ETF,3.328,◇ 多头排列,scan_0513.log
2026-05-13,22:29:35,close,560080,黄金股ETF,0.994,✗ 趋势偏弱,scan_0513.log
2026-05-13,22:29:35,close,562800,机器人ETF,1.182,- 趋势完好,scan_0513.log
2026-05-13,22:29:35,close,588000,科创50ETF,1.865,◇ 多头排列,scan_0513.log
2026-05-14,15:32:49,intraday,159869,游戏ETF,1.281,✗ 趋势偏弱,scan_0514_intraday.log
2026-05-14,15:32:49,intraday,159915,创业板ETF,3.961,◇ 多头排列,scan_0514_intraday.log
2026-05-14,15:32:49,intraday,159995,芯片ETF,2.321,◇ 多头排列,scan_0514_intraday.log
2026-05-14,15:32:49,intraday,510300,沪深300ETF,4.941,- 趋势完好,scan_0514_intraday.log
2026-05-14,15:32:49,intraday,510500,中证500ETF,8.772,- 趋势完好,scan_0514_intraday.log
2026-05-14,15:32:49,intraday,512010,医药ETF,0.36,✗ 趋势偏弱,scan_0514_intraday.log
2026-05-14,15:32:49,intraday,512100,中证1000ETF,3.529,- 趋势完好,scan_0514_intraday.log
2026-05-14,15:32:49,intraday,512200,房地产ETF,1.456,✗ 趋势偏弱,scan_0514_intraday.log
2026-05-14,15:32:49,intraday,512400,有色金属ETF,2.13,▲ 接近支撑,scan_0514_intraday.log
2026-05-14,15:32:49,intraday,512480,半导体ETF,2.043,◇ 多头排列,scan_0514_intraday.log
2026-05-14,15:32:49,intraday,512580,环保ETF,1.436,- 趋势完好,scan_0514_intraday.log
2026-05-14,15:32:49,intraday,512660,军工ETF,1.419,- 趋势完好,scan_0514_intraday.log
2026-05-14,15:32:49,intraday,512690,酒ETF,0.466,✗ 趋势偏弱,scan_0514_intraday.log
2026-05-14,15:32:49,intraday,512800,银行ETF,0.784,✗ 趋势偏弱,scan_0514_intraday.log
2026-05-14,15:32:49,intraday,512880,证券ETF,1.071,✗ 趋势偏弱,scan_0514_intraday.log
2026-05-14,15:32:49,intraday,512980,传媒ETF,0.979,✗ 趋势偏弱,scan_0514_intraday.log
2026-05-14,22:30:11,close,515050,5GETF,1.133,◇ 多头排列,scan_0514.log
2026-05-14,15:32:49,intraday,515070,人工智能ETF,2.522,◇ 多头排列,scan_0514_intraday.log
2026-05-14,15:32:49,intraday,515790,光伏ETF,1.128,◇ 多头排列,scan_0514_intraday.log
2026-05-14,15:32:49,intraday,515880,通信ETF,1.544,✗ 趋势偏弱,scan_0514_intraday.log
2026-05-14,15:32:49,intraday,516110,汽车ETF,1.294,✗ 趋势偏弱,scan_0514_intraday.log
2026-05-14,15:32:49,intraday,516160,新能源ETF,3.223,- 趋势完好,scan_0514_intraday.log
2026-05-14,15:32:49,intraday,560080,黄金股ETF,0.994,✗ 趋势偏弱,scan_0514_intraday.log
2026-05-14,15:32:49,intraday,562800,机器人ETF,1.132,- 趋势完好,scan_0514_intraday.log
2026-05-14,15:32:49,intraday,588000,科创50ETF,1.815,◇ 多头排列,scan_0514_intraday.log
2026-05-15,14:50:25,intraday,159869,游戏ETF,1.273,✗ 趋势偏弱,scan_0515_intraday.log
2026-05-15,14:50:25,intraday,159915,创业板ETF,3.943,- 趋势完好,scan_0515_intraday.log
2026-05-15,14:50:25,intraday,159995,芯片ETF,2.321,- 趋势完好,scan_0515_intraday.log
2026-05-15,14:50:25,intraday,510300,沪深300ETF,4.879,- 趋势完好,scan_0515_intraday.log
2026-05-15,14:50:25,intraday,510500,中证500ETF,8.621,- 趋势完好,scan_0515_intraday.log
2026-05-15,14:50:25,intraday,512010,医药ETF,0.357,✗ 趋势偏弱,scan_0515_intraday.log
2026-05-15,14:50:25,intraday,512100,中证1000ETF,3.49,- 趋势完好,scan_0515_intraday.log
2026-05-15,14:50:25,intraday,512200,房地产ETF,1.435,✗ 趋势偏弱,scan_0515_intraday.log
2026-05-15,14:50:25,intraday,512400,有色金属ETF,2.038,✗ 趋势偏弱,scan_0515_intraday.log
2026-05-15,14:50:25,intraday,512480,半导体ETF,2.042,- 趋势完好,scan_0515_intraday.log
2026-05-15,14:50:25,intraday,512580,环保ETF,1.429,- 趋势完好,scan_0515_intraday.log
2026-05-15,14:50:25,intraday,512660,军工ETF,1.386,✗ 趋势偏弱,scan_0515_intraday.log
2026-05-15,14:50:25,intraday,512690,酒ETF,0.456,✗ 趋势偏弱,scan_0515_intraday.log
2026-05-15,14:50:25,intraday,512800,银行ETF,0.779,✗ 趋势偏弱,scan_0515_intraday.log
2026-05-15,14:50:25,intraday,512880,证券ETF,1.049,✗ 趋势偏弱,scan_0515_intraday.log
2026-05-15,14:50:25,intraday,512980,传媒ETF,0.98,✗ 趋势偏弱,scan_0515_intraday.log
2026-05-15,10:28:03,morning,515050,5GETF,1.116,- 趋势完好,scan_0515_morning.log
2026-05-15,14:50:25,intraday,515070,人工智能ETF,2.479,- 趋势完好,scan_0515_intraday.log
2026-05-15,14:50:25,intraday,515790,光伏ETF,1.106,- 趋势完好,scan_0515_intraday.log
2026-05-15,14:50:25,intraday,515880,通信ETF,1.503,✗ 趋势偏弱,scan_0515_intraday.log
2026-05-15,14:50:25,intraday,516110,汽车ETF,1.302,✗ 趋势偏弱,scan_0515_intraday.log
2026-05-15,14:50:25,intraday,516160,新能源ETF,3.198,▲ 接近支撑,scan_0515_intraday.log
2026-05-15,14:50:25,intraday,560080,黄金股ETF,0.974,✗ 趋势偏弱,scan_0515_intraday.log
2026-05-15,14:50:25,intraday,562800,机器人ETF,1.102,▲ 接近支撑,scan_0515_intraday.log
2026-05-15,14:50:25,intraday,588000,科创50ETF,1.793,- 趋势完好,scan_0515_intraday.log
2026-05-18,14:43:13,intraday,159869,游戏ETF,1.246,✗ 趋势偏弱,scan_0518_intraday.log
2026-05-18,14:43:13,intraday,159915,创业板ETF,3.903,- 趋势完好,scan_0518_intraday.log
2026-05-18,14:43:13,intraday,159995,芯片ETF,2.324,- 趋势完好,scan_0518_intraday.log
2026-05-18,14:43:13,intraday,510300,沪深300ETF,4.829,▲ 接近支撑,scan_0518_intraday.log
2026-05-18,14:43:13,intraday,510500,中证500ETF,8.587,- 趋势完好,scan_0518_intraday.log
2026-05-18,14:43:13,intraday,512010,医药ETF,0.348,✗ 趋势偏弱,scan_0518_intraday.log
2026-05-18,14:43:13,intraday,512100,中证1000ETF,3.49,- 趋势完好,scan_0518_intraday.log
2026-05-18,14:43:13,intraday,512200,房地产ETF,1.407,✗ 趋势偏弱,scan_0518_intraday.log
2026-05-18,14:43:13,intraday,512400,有色金属ETF,1.997,✗ 趋势偏弱,scan_0518_intraday.log
2026-05-18,14:43:13,intraday,512480,半导体ETF,2.043,- 趋势完好,scan_0518_intraday.log
2026-05-18,14:43:13,intraday,512580,环保ETF,1.423,▲ 接近支撑,scan_0518_intraday.log
2026-05-18,14:43:13,intraday,512660,军工ETF,1.37,✗ 趋势偏弱,scan_0518_intraday.log
2026-05-18,14:43:13,intraday,512690,酒ETF,0.451,✗ 趋势偏弱,scan_0518_intraday.log
2026-05-18,14:43:13,intraday,512800,银行ETF,0.771,✗ 趋势偏弱,scan_0518_intraday.log
2026-05-18,14:43:13,intraday,512880,证券ETF,1.043,✗ 趋势偏弱,scan_0518_intraday.log
2026-05-18,14:43:13,intraday,512980,传媒ETF,0.973,✗ 趋势偏弱,scan_0518_intraday.log
2026-05-18,14:43:13,intraday,515070,人工智能ETF,2.47,- 趋势完好,scan_0518_intraday.log
2026-05-18,14:43:13,intraday,515790,光伏ETF,1.096,- 趋势完好,scan_0518_intraday.log
2026-05-18,14:43:13,intraday,515880,通信ETF,1.51,✗ 趋势偏弱,scan_0518_intraday.log
2026-05-18,14:43:13,intraday,516110,汽车ETF,1.285,✗ 趋势偏弱,scan_0518_intraday.log
2026-05-18,14:43:13,intraday,516160,新能源ETF,3.176,▲ 接近支撑,scan_0518_intraday.log
2026-05-18,14:43:13,intraday,517520,黄金股ETF,1.998,✗ 趋势偏弱,scan_0518_intraday.log
2026-05-18,14:43:13,intraday,562800,稀有金属ETF,1.104,▲ 接近支撑,scan_0518_intraday.log
2026-05-18,14:43:13,intraday,588000,科创50ETF,1.789,- 趋势完好,scan_0518_intraday.log
2026-05-19,14:43:11,intraday,159869,游戏ETF,1.271,✗ 趋势偏弱,scan_20260519_intraday.log
2026-05-19,14:43:11,intraday,159915,创业板ETF,3.922,- 趋势完好,scan_20260519_intraday.log
2026-05-19,14:43:11,intraday,159995,芯片ETF,2.423,◇ 多头排列,scan_20260519_intraday.log
2026-05-19,14:43:11,intraday,510300,沪深300ETF,4.862,- 趋势完好,scan_20260519_intraday.log
2026-05-19,14:43:11,intraday,510500,中证500ETF,8.692,- 趋势完好,scan_20260519_intraday.log
2026-05-19,14:43:11,intraday,510880,红利ETF,3.222,✗ 趋势偏弱,scan_20260519_intraday.log
2026-05-19,14:43:11,intraday,512010,医药ETF,0.349,✗ 趋势偏弱,scan_20260519_intraday.log
2026-05-19,14:43:11,intraday,512100,中证1000ETF,3.534,◇ 多头排列,scan_20260519_intraday.log
2026-05-19,14:43:11,intraday,512200,房地产ETF,1.426,✗ 趋势偏弱,scan_20260519_intraday.log
2026-05-19,14:43:11,intraday,512400,有色金属ETF,1.979,✗ 趋势偏弱,scan_20260519_intraday.log
2026-05-19,14:43:11,intraday,512480,半导体ETF,2.123,◇ 多头排列,scan_20260519_intraday.log
2026-05-19,14:43:11,intraday,512580,环保ETF,1.438,- 趋势完好,scan_20260519_intraday.log
2026-05-19,14:43:11,intraday,512660,军工ETF,1.376,✗ 趋势偏弱,scan_20260519_intraday.log
2026-05-19,14:43:11,intraday,512690,酒ETF,0.453,✗ 趋势偏弱,scan_20260519_intraday.log
2026-05-19,14:43:11,intraday,512800,银行ETF,0.774,✗ 趋势偏弱,scan_20260519_intraday.log
2026-05-19,14:43:11,intraday,512880,证券ETF,1.057,✗ 趋势偏弱,scan_20260519_intraday.log
2026-05-19,14:43:11,intraday,512980,传媒ETF,0.996,✗ 趋势偏弱,scan_20260519_intraday.log
2026-05-19,14:43:11,intraday,513180,恒生科技ETF,0.62,✗ 趋势偏弱,scan_20260519_intraday.log
2026-05-19,14:43:11,intraday,515070,人工智能ETF,2.524,◇ 多头排列,scan_20260519_intraday.log
2026-05-19,14:43:11,intraday,515790,光伏ETF,1.118,- 趋势完好,scan_20260519_intraday.log
2026-05-19,14:43:11,intraday,515880,通信ETF,1.51,✗ 趋势偏弱,scan_20260519_intraday.log
2026-05-19,14:43:11,intraday,516110,汽车ETF,1.291,✗ 趋势偏弱,scan_20260519_intraday.log
2026-05-19,14:43:11,intraday,516160,新能源ETF,3.193,▲ 接近支撑,scan_20260519_intraday.log
2026-05-19,14:43:11,intraday,517520,黄金股ETF,1.983,✗ 趋势偏弱,scan_20260519_intraday.log
2026-05-19,14:43:11,intraday,562500,机器人ETF,1.197,◇ 多头排列,scan_20260519_intraday.log
2026-05-19,14:43:11,intraday,562800,稀有金属ETF,1.065,✗ 趋势偏弱,scan_20260519_intraday.log
2026-05-19,14:43:11,intraday,588000,科创50ETF,1.863,◇ 多头排列,scan_20260519_intraday.log
2026-05-20,14:43:14,intraday,159869,游戏ETF,1.245,✗ 趋势偏弱,scan_20260520_intraday.log
2026-05-20,14:43:14,intraday,159915,创业板ETF,3.932,- 趋势完好,scan_20260520_intraday.log
2026-05-20,14:43:14,intraday,159995,芯片ETF,2.544,◇ 多头排列,scan_20260520_intraday.log
2026-05-20,14:43:14,intraday,510300,沪深300ETF,4.867,- 趋势完好,scan_20260520_intraday.log
2026-05-20,14:43:14,intraday,510500,中证500ETF,8.732,- 趋势完好,scan_20260520_intraday.log
2026-05-20,14:43:14,intraday,510880,红利ETF,3.215,✗ 趋势偏弱,scan_20260520_intraday.log
2026-05-20,14:43:14,intraday,512010,医药ETF,0.345,✗ 趋势偏弱,scan_20260520_intraday.log
2026-05-20,14:43:14,intraday,512100,中证1000ETF,3.538,◇ 多头排列,scan_20260520_intraday.log
2026-05-20,14:43:14,intraday,512200,房地产ETF,1.418,✗ 趋势偏弱,scan_20260520_intraday.log
2026-05-20,14:43:14,intraday,512400,有色金属ETF,1.983,✗ 趋势偏弱,scan_20260520_intraday.log
2026-05-20,14:43:14,intraday,512480,半导体ETF,2.223,◇ 多头排列,scan_20260520_intraday.log
2026-05-20,14:43:14,intraday,512580,环保ETF,1.448,- 趋势完好,scan_20260520_intraday.log
2026-05-20,14:43:14,intraday,512660,军工ETF,1.37,✗ 趋势偏弱,scan_20260520_intraday.log
2026-05-20,14:43:14,intraday,512690,酒ETF,0.455,✗ 趋势偏弱,scan_20260520_intraday.log
2026-05-20,14:43:14,intraday,512800,银行ETF,0.769,✗ 趋势偏弱,scan_20260520_intraday.log
2026-05-20,14:43:14,intraday,512880,证券ETF,1.05,✗ 趋势偏弱,scan_20260520_intraday.log
2026-05-20,14:43:14,intraday,512980,传媒ETF,0.969,✗ 趋势偏弱,scan_20260520_intraday.log
2026-05-20,14:43:14,intraday,513180,恒生科技ETF,0.619,✗ 趋势偏弱,scan_20260520_intraday.log
2026-05-20,14:43:14,intraday,515070,人工智能ETF,2.534,◇ 多头排列,scan_20260520_intraday.log
2026-05-20,14:43:14,intraday,515790,光伏ETF,1.125,◇ 多头排列,scan_20260520_intraday.log
2026-05-20,14:43:14,intraday,515880,通信ETF,1.516,✗ 趋势偏弱,scan_20260520_intraday.log
2026-05-20,14:43:14,intraday,516110,汽车ETF,1.277,✗ 趋势偏弱,scan_20260520_intraday.log
2026-05-20,14:43:14,intraday,516160,新能源ETF,3.229,▲ 接近支撑,scan_20260520_intraday.log
2026-05-20,14:43:14,intraday,517520,黄金股ETF,1.944,✗ 趋势偏弱,scan_20260520_intraday.log
2026-05-20,14:43:14,intraday,562500,机器人ETF,1.198,◇ 多头排列,scan_20260520_intraday.log
2026-05-20,14:43:14,intraday,562800,稀有金属ETF,1.066,✗ 趋势偏弱,scan_20260520_intraday.log
2026-05-20,14:43:14,intraday,588000,科创50ETF,1.926,◇ 多头排列,scan_20260520_intraday.log
2026-05-21,14:48:01,intraday,159869,游戏ETF,1.219,✗ 趋势偏弱,scan_20260521_intraday.log
2026-05-21,14:48:01,intraday,159915,创业板ETF,3.865,- 趋势完好,scan_20260521_intraday.log
2026-05-21,14:48:01,intraday,159995,芯片ETF,2.482,◇ 多头排列,scan_20260521_intraday.log
2026-05-21,14:48:01,intraday,510300,沪深300ETF,4.823,▲ 接近支撑,scan_20260521_intraday.log
2026-05-21,14:48:01,intraday,510500,中证500ETF,8.541,▲ 接近支撑,scan_20260521_intraday.log
2026-05-21,14:48:01,intraday,510880,红利ETF,3.174,✗ 趋势偏弱,scan_20260521_intraday.log
2026-05-21,14:48:01,intraday,512010,医药ETF,0.35,✗ 趋势偏弱,scan_20260521_intraday.log
2026-05-21,14:48:01,intraday,512100,中证1000ETF,3.442,▲ 接近支撑,scan_20260521_intraday.log
2026-05-21,14:48:01,intraday,512200,房地产ETF,1.367,✗ 趋势偏弱,scan_20260521_intraday.log
2026-05-21,14:48:01,intraday,512400,有色金属ETF,1.954,✗ 趋势偏弱,scan_20260521_intraday.log
2026-05-21,14:48:01,intraday,512480,半导体ETF,2.142,◇ 多头排列,scan_20260521_intraday.log
2026-05-21,14:48:01,intraday,512580,环保ETF,1.42,▲ 接近支撑,scan_20260521_intraday.log
2026-05-21,14:48:01,intraday,512660,军工ETF,1.341,✗ 趋势偏弱,scan_20260521_intraday.log
2026-05-21,14:48:01,intraday,512690,酒ETF,0.454,✗ 趋势偏弱,scan_20260521_intraday.log
2026-05-21,14:48:01,intraday,512800,银行ETF,0.771,✗ 趋势偏弱,scan_20260521_intraday.log
2026-05-21,14:48:01,intraday,512880,证券ETF,1.056,✗ 趋势偏弱,scan_20260521_intraday.log
2026-05-21,14:48:01,intraday,512980,传媒ETF,0.948,✗ 趋势偏弱,scan_20260521_intraday.log
2026-05-21,14:48:01,intraday,513180,恒生科技ETF,0.609,✗ 趋势偏弱,scan_20260521_intraday.log
2026-05-21,14:48:01,intraday,515070,人工智能ETF,2.459,- 趋势完好,scan_20260521_intraday.log
2026-05-21,14:48:01,intraday,515790,光伏ETF,1.096,- 趋势完好,scan_20260521_intraday.log
2026-05-21,14:48:01,intraday,515880,通信ETF,1.448,✗ 趋势偏弱,scan_20260521_intraday.log
2026-05-21,14:48:01,intraday,516110,汽车ETF,1.302,✗ 趋势偏弱,scan_20260521_intraday.log
2026-05-21,14:48:01,intraday,516160,新能源ETF,3.16,▲ 接近支撑,scan_20260521_intraday.log
2026-05-21,14:48:01,intraday,517520,黄金股ETF,1.909,✗ 趋势偏弱,scan_20260521_intraday.log
2026-05-21,14:48:01,intraday,562500,机器人ETF,1.192,◇ 多头排列,scan_20260521_intraday.log
2026-05-21,14:48:01,intraday,562800,稀有金属ETF,1.056,✗ 趋势偏弱,scan_20260521_intraday.log
2026-05-21,14:48:01,intraday,588000,科创50ETF,1.873,◇ 多头排列,scan_20260521_intraday.log
2026-05-22,14:43:14,intraday,159869,游戏ETF,1.21,✗ 趋势偏弱,scan_20260522_intraday.log
2026-05-22,14:43:14,intraday,159915,创业板ETF,3.941,- 趋势完好,scan_20260522_intraday.log
2026-05-22,14:43:14,intraday,159995,芯片ETF,2.528,◇ 多头排列,scan_20260522_intraday.log
2026-05-22,14:43:14,intraday,510300,沪深300ETF,4.855,▲ 接近支撑,scan_20260522_intraday.log
2026-05-22,14:43:14,intraday,510500,中证500ETF,8.648,- 趋势完好,scan_20260522_intraday.log
2026-05-22,14:43:14,intraday,510880,红利ETF,3.156,✗ 趋势偏弱,scan_20260522_intraday.log
2026-05-22,14:43:14,intraday,512010,医药ETF,0.344,✗ 趋势偏弱,scan_20260522_intraday.log
2026-05-22,14:43:14,intraday,512100,中证1000ETF,3.492,- 趋势完好,scan_20260522_intraday.log
2026-05-22,14:43:14,intraday,512200,房地产ETF,1.372,✗ 趋势偏弱,scan_20260522_intraday.log
2026-05-22,14:43:14,intraday,512400,有色金属ETF,2.017,✗ 趋势偏弱,scan_20260522_intraday.log
2026-05-22,14:43:14,intraday,512480,半导体ETF,2.185,◇ 多头排列,scan_20260522_intraday.log
2026-05-22,14:43:14,intraday,512580,环保ETF,1.428,▲ 接近支撑,scan_20260522_intraday.log
2026-05-22,14:43:14,intraday,512660,军工ETF,1.354,✗ 趋势偏弱,scan_20260522_intraday.log
2026-05-22,14:43:14,intraday,512690,酒ETF,0.445,✗ 趋势偏弱,scan_20260522_intraday.log
2026-05-22,14:43:14,intraday,512800,银行ETF,0.767,✗ 趋势偏弱,scan_20260522_intraday.log
2026-05-22,14:43:14,intraday,512880,证券ETF,1.036,✗ 趋势偏弱,scan_20260522_intraday.log
2026-05-22,14:43:14,intraday,512980,传媒ETF,0.937,✗ 趋势偏弱,scan_20260522_intraday.log
2026-05-22,14:43:14,intraday,513180,恒生科技ETF,0.619,✗ 趋势偏弱,scan_20260522_intraday.log
2026-05-22,14:43:14,intraday,515070,人工智能ETF,2.504,◇ 多头排列,scan_20260522_intraday.log
2026-05-22,14:43:14,intraday,515790,光伏ETF,1.108,- 趋势完好,scan_20260522_intraday.log
2026-05-22,14:43:14,intraday,515880,通信ETF,1.501,✗ 趋势偏弱,scan_20260522_intraday.log
2026-05-22,14:43:14,intraday,516110,汽车ETF,1.3,✗ 趋势偏弱,scan_20260522_intraday.log
2026-05-22,14:43:14,intraday,516160,新能源ETF,3.189,▲ 接近支撑,scan_20260522_intraday.log
2026-05-22,14:43:14,intraday,517520,黄金股ETF,1.955,✗ 趋势偏弱,scan_20260522_intraday.log
2026-05-22,14:43:14,intraday,562500,机器人ETF,1.187,◇ 多头排列,scan_20260522_intraday.log
2026-05-22,14:43:14,intraday,562800,稀有金属ETF,1.053,✗ 趋势偏弱,scan_20260522_intraday.log
2026-05-22,14:43:14,intraday,588000,科创50ETF,1.884,◇ 多头排列,scan_20260522_intraday.log
2026-05-25,14:43:10,intraday,159869,游戏ETF,1.18,✗ 趋势偏弱,scan_20260525_intraday.log
2026-05-25,14:43:10,intraday,159915,创业板ETF,4.026,◇ 多头排列,scan_20260525_intraday.log
2026-05-25,14:43:10,intraday,159995,芯片ETF,2.712,◇ 多头排列,scan_20260525_intraday.log
2026-05-25,14:43:10,intraday,510300,沪深300ETF,4.929,◇ 多头排列,scan_20260525_intraday.log
2026-05-25,14:43:10,intraday,510500,中证500ETF,8.778,◇ 多头排列,scan_20260525_intraday.log
2026-05-25,14:43:10,intraday,510880,红利ETF,3.185,✗ 趋势偏弱,scan_20260525_intraday.log
2026-05-25,14:43:10,intraday,512010,医药ETF,0.34,✗ 趋势偏弱,scan_20260525_intraday.log
2026-05-25,14:43:10,intraday,512100,中证1000ETF,3.535,◇ 多头排列,scan_20260525_intraday.log
2026-05-25,14:43:10,intraday,512200,房地产ETF,1.38,✗ 趋势偏弱,scan_20260525_intraday.log
2026-05-25,14:43:10,intraday,512400,有色金属ETF,2.024,✗ 趋势偏弱,scan_20260525_intraday.log
2026-05-25,14:43:10,intraday,512480,半导体ETF,2.344,◇ 多头排列,scan_20260525_intraday.log
2026-05-25,14:43:10,intraday,512580,环保ETF,1.421,▲ 接近支撑,scan_20260525_intraday.log
2026-05-25,14:43:10,intraday,512660,军工ETF,1.376,✗ 趋势偏弱,scan_20260525_intraday.log
2026-05-25,14:43:10,intraday,512690,酒ETF,0.447,✗ 趋势偏弱,scan_20260525_intraday.log
2026-05-25,14:43:10,intraday,512800,银行ETF,0.768,✗ 趋势偏弱,scan_20260525_intraday.log
2026-05-25,14:43:10,intraday,512880,证券ETF,1.045,✗ 趋势偏弱,scan_20260525_intraday.log
2026-05-25,14:43:10,intraday,512980,传媒ETF,0.93,✗ 趋势偏弱,scan_20260525_intraday.log
2026-05-25,14:43:10,intraday,513180,恒生科技ETF,0.615,✗ 趋势偏弱,scan_20260525_intraday.log
2026-05-25,14:43:10,intraday,515070,人工智能ETF,2.597,◇ 多头排列,scan_20260525_intraday.log
2026-05-25,14:43:10,intraday,515790,光伏ETF,1.123,◇ 多头排列,scan_20260525_intraday.log
2026-05-25,14:43:10,intraday,515880,通信ETF,1.56,✗ 趋势偏弱,scan_20260525_intraday.log
2026-05-25,14:43:10,intraday,516110,汽车ETF,1.299,✗ 趋势偏弱,scan_20260525_intraday.log
2026-05-25,14:43:10,intraday,516160,新能源ETF,3.171,▲ 接近支撑,scan_20260525_intraday.log
2026-05-25,14:43:10,intraday,517520,黄金股ETF,1.975,✗ 趋势偏弱,scan_20260525_intraday.log
2026-05-25,14:43:10,intraday,562500,机器人ETF,1.212,◇ 多头排列,scan_20260525_intraday.log
2026-05-25,14:43:10,intraday,562800,稀有金属ETF,1.091,▲ 接近支撑,scan_20260525_intraday.log
2026-05-25,14:43:10,intraday,588000,科创50ETF,1.995,◇ 多头排列,scan_20260525_intraday.log
2026-05-26,14:43:11,intraday,159869,游戏ETF,1.177,✗ 趋势偏弱,scan_20260526_intraday.log
2026-05-26,14:43:11,intraday,159915,创业板ETF,4.062,◇ 多头排列,scan_20260526_intraday.log
2026-05-26,14:43:11,intraday,159995,芯片ETF,2.708,◇ 多头排列,scan_20260526_intraday.log
2026-05-26,14:43:11,intraday,510300,沪深300ETF,4.968,◇ 多头排列,scan_20260526_intraday.log
2026-05-26,14:43:11,intraday,510500,中证500ETF,8.746,◇ 多头排列,scan_20260526_intraday.log
2026-05-26,14:43:11,intraday,510880,红利ETF,3.182,✗ 趋势偏弱,scan_20260526_intraday.log
2026-05-26,14:43:11,intraday,512010,医药ETF,0.341,✗ 趋势偏弱,scan_20260526_intraday.log
2026-05-26,14:43:11,intraday,512100,中证1000ETF,3.497,- 趋势完好,scan_20260526_intraday.log
2026-05-26,14:43:11,intraday,512200,房地产ETF,1.364,✗ 趋势偏弱,scan_20260526_intraday.log
2026-05-26,14:43:11,intraday,512400,有色金属ETF,2.097,✗ 趋势偏弱,scan_20260526_intraday.log
2026-05-26,14:43:11,intraday,512480,半导体ETF,2.319,◇ 多头排列,scan_20260526_intraday.log
2026-05-26,14:43:11,intraday,512580,环保ETF,1.429,▲ 接近支撑,scan_20260526_intraday.log
2026-05-26,14:43:11,intraday,512660,军工ETF,1.347,✗ 趋势偏弱,scan_20260526_intraday.log
2026-05-26,14:43:11,intraday,512690,酒ETF,0.444,✗ 趋势偏弱,scan_20260526_intraday.log
2026-05-26,14:43:11,intraday,512800,银行ETF,0.77,✗ 趋势偏弱,scan_20260526_intraday.log
2026-05-26,14:43:11,intraday,512880,证券ETF,1.052,✗ 趋势偏弱,scan_20260526_intraday.log
2026-05-26,14:43:11,intraday,512980,传媒ETF,0.918,✗ 趋势偏弱,scan_20260526_intraday.log
2026-05-26,14:43:11,intraday,513180,恒生科技ETF,0.629,✗ 趋势偏弱,scan_20260526_intraday.log
2026-05-26,14:43:11,intraday,515070,人工智能ETF,2.59,◇ 多头排列,scan_20260526_intraday.log
2026-05-26,14:43:11,intraday,515790,光伏ETF,1.113,- 趋势完好,scan_20260526_intraday.log
2026-05-26,14:43:11,intraday,515880,通信ETF,1.55,✗ 趋势偏弱,scan_20260526_intraday.log
2026-05-26,14:43:11,intraday,516110,汽车ETF,1.305,✗ 趋势偏弱,scan_20260526_intraday.log
2026-05-26,14:43:11,intraday,516160,新能源ETF,3.179,▲ 接近支撑,scan_20260526_intraday.log
2026-05-26,14:43:11,intraday,517520,黄金股ETF,2.044,✗ 趋势偏弱,scan_20260526_intraday.log
2026-05-26,14:43:11,intraday,562500,机器人ETF,1.216,◇ 多头排列,scan_20260526_intraday.log
2026-05-26,14:43:11,intraday,562800,稀有金属ETF,1.104,▲ 接近支撑,scan_20260526_intraday.log
2026-05-26,14:43:11,intraday,588000,科创50ETF,1.974,◇ 多头排列,scan_20260526_intraday.log
2026-05-27,14:43:11,intraday,159869,游戏ETF,1.163,✗ 趋势偏弱,scan_20260527_intraday.log
2026-05-27,14:43:11,intraday,159915,创业板ETF,4.068,◇ 多头排列,scan_20260527_intraday.log
2026-05-27,14:43:11,intraday,159995,芯片ETF,2.646,◇ 多头排列,scan_20260527_intraday.log
2026-05-27,14:43:11,intraday,510300,沪深300ETF,4.943,◇ 多头排列,scan_20260527_intraday.log
2026-05-27,14:43:11,intraday,510500,中证500ETF,8.637,▲ 接近支撑,scan_20260527_intraday.log
2026-05-27,14:43:11,intraday,510880,红利ETF,3.171,✗ 趋势偏弱,scan_20260527_intraday.log
2026-05-27,14:43:11,intraday,512010,医药ETF,0.342,✗ 趋势偏弱,scan_20260527_intraday.log
2026-05-27,14:43:11,intraday,512100,中证1000ETF,3.444,▲ 接近支撑,scan_20260527_intraday.log
2026-05-27,14:43:11,intraday,512200,房地产ETF,1.327,✗ 趋势偏弱,scan_20260527_intraday.log
2026-05-27,14:43:11,intraday,512400,有色金属ETF,2.009,✗ 趋势偏弱,scan_20260527_intraday.log
2026-05-27,14:43:11,intraday,512480,半导体ETF,2.274,◇ 多头排列,scan_20260527_intraday.log
2026-05-27,14:43:11,intraday,512580,环保ETF,1.437,▲ 接近支撑,scan_20260527_intraday.log
2026-05-27,14:43:11,intraday,512660,军工ETF,1.323,✗ 趋势偏弱,scan_20260527_intraday.log
2026-05-27,14:43:11,intraday,512690,酒ETF,0.452,✗ 趋势偏弱,scan_20260527_intraday.log
2026-05-27,14:43:11,intraday,512800,银行ETF,0.767,✗ 趋势偏弱,scan_20260527_intraday.log
2026-05-27,14:43:11,intraday,512880,证券ETF,1.043,✗ 趋势偏弱,scan_20260527_intraday.log
2026-05-27,14:43:11,intraday,512980,传媒ETF,0.908,✗ 趋势偏弱,scan_20260527_intraday.log
2026-05-27,14:43:11,intraday,513180,恒生科技ETF,0.62,✗ 趋势偏弱,scan_20260527_intraday.log
2026-05-27,14:43:11,intraday,515070,人工智能ETF,2.552,◇ 多头排列,scan_20260527_intraday.log
2026-05-27,14:43:11,intraday,515790,光伏ETF,1.122,◇ 多头排列,scan_20260527_intraday.log
2026-05-27,14:43:11,intraday,515880,通信ETF,1.55,✗ 趋势偏弱,scan_20260527_intraday.log
2026-05-27,14:43:11,intraday,516110,汽车ETF,1.276,✗ 趋势偏弱,scan_20260527_intraday.log
2026-05-27,14:43:11,intraday,516160,新能源ETF,3.184,▲ 接近支撑,scan_20260527_intraday.log
2026-05-27,14:43:11,intraday,517520,黄金股ETF,1.958,✗ 趋势偏弱,scan_20260527_intraday.log
2026-05-27,14:43:11,intraday,562500,机器人ETF,1.165,- 趋势完好,scan_20260527_intraday.log
2026-05-27,14:43:11,intraday,562800,稀有金属ETF,1.074,▲ 接近支撑,scan_20260527_intraday.log
2026-05-27,14:43:11,intraday,588000,科创50ETF,1.92,- 趋势完好,scan_20260527_intraday.log
2026-05-28,10:28:11,morning,159869,游戏ETF,1.142,✗ 趋势偏弱,scan_20260528_morning.log
2026-05-28,10:28:11,morning,159915,创业板ETF,4.012,- 趋势完好,scan_20260528_morning.log
2026-05-28,10:28:11,morning,159995,芯片ETF,2.623,- 趋势完好,scan_20260528_morning.log
2026-05-28,10:28:11,morning,510300,沪深300ETF,4.882,▲ 接近支撑,scan_20260528_morning.log
2026-05-28,10:28:11,morning,510500,中证500ETF,8.557,▲ 接近支撑,scan_20260528_morning.log
2026-05-28,10:28:11,morning,510880,红利ETF,3.187,✗ 趋势偏弱,scan_20260528_morning.log
2026-05-28,10:28:11,morning,512010,医药ETF,0.337,✗ 趋势偏弱,scan_20260528_morning.log
2026-05-28,10:28:11,morning,512100,中证1000ETF,3.418,▲ 接近支撑,scan_20260528_morning.log
2026-05-28,10:28:11,morning,512200,房地产ETF,1.334,✗ 趋势偏弱,scan_20260528_morning.log
2026-05-28,10:28:11,morning,512400,有色金属ETF,1.959,✗ 趋势偏弱,scan_20260528_morning.log
2026-05-28,10:28:11,morning,512480,半导体ETF,2.271,- 趋势完好,scan_20260528_morning.log
2026-05-28,10:28:11,morning,512580,环保ETF,1.433,▲ 接近支撑,scan_20260528_morning.log
2026-05-28,10:28:11,morning,512660,军工ETF,1.336,✗ 趋势偏弱,scan_20260528_morning.log
2026-05-28,10:28:11,morning,512690,酒ETF,0.446,✗ 趋势偏弱,scan_20260528_morning.log
2026-05-28,10:28:11,morning,512800,银行ETF,0.768,✗ 趋势偏弱,scan_20260528_morning.log
2026-05-28,10:28:11,morning,512880,证券ETF,1.023,✗ 趋势偏弱,scan_20260528_morning.log
2026-05-28,10:28:11,morning,512980,传媒ETF,0.889,✗ 趋势偏弱,scan_20260528_morning.log
2026-05-28,10:28:11,morning,513180,恒生科技ETF,0.617,✗ 趋势偏弱,scan_20260528_morning.log
2026-05-28,10:28:11,morning,515070,人工智能ETF,2.502,- 趋势完好,scan_20260528_morning.log
2026-05-28,10:28:11,morning,515790,光伏ETF,1.119,◇ 多头排列,scan_20260528_morning.log
2026-05-28,10:28:11,morning,515880,通信ETF,1.527,✗ 趋势偏弱,scan_20260528_morning.log
2026-05-28,10:28:11,morning,516110,汽车ETF,1.246,✗ 趋势偏弱,scan_20260528_morning.log
2026-05-28,10:28:11,morning,516160,新能源ETF,3.156,✗ 趋势偏弱,scan_20260528_morning.log
2026-05-28,10:28:11,morning,517520,黄金股ETF,1.885,✗ 趋势偏弱,scan_20260528_morning.log
2026-05-28,10:28:11,morning,562500,机器人ETF,1.163,- 趋势完好,scan_20260528_morning.log
2026-05-28,10:28:11,morning,562800,稀有金属ETF,1.06,✗ 趋势偏弱,scan_20260528_morning.log
2026-05-28,10:28:11,morning,588000,科创50ETF,1.924,- 趋势完好,scan_20260528_morning.log
2026-05-29,14:43:30,intraday,159869,游戏ETF,1.136,✗ 趋势偏弱,scan_20260529_intraday.log
2026-05-29,14:43:30,intraday,159915,创业板ETF,4.039,- 趋势完好,scan_20260529_intraday.log
2026-05-29,14:43:30,intraday,159995,芯片ETF,2.477,- 趋势完好,scan_20260529_intraday.log
2026-05-29,14:43:30,intraday,510300,沪深300ETF,4.919,- 趋势完好,scan_20260529_intraday.log
2026-05-29,14:43:30,intraday,510500,中证500ETF,8.413,▲ 接近支撑,scan_20260529_intraday.log
2026-05-29,14:43:30,intraday,510880,红利ETF,3.205,✗ 趋势偏弱,scan_20260529_intraday.log
2026-05-29,14:43:30,intraday,512010,医药ETF,0.344,✗ 趋势偏弱,scan_20260529_intraday.log
2026-05-29,14:43:30,intraday,512100,中证1000ETF,3.372,▲ 接近支撑,scan_20260529_intraday.log
2026-05-29,14:43:30,intraday,512200,房地产ETF,1.347,✗ 趋势偏弱,scan_20260529_intraday.log
2026-05-29,14:43:30,intraday,512400,有色金属ETF,1.956,✗ 趋势偏弱,scan_20260529_intraday.log
2026-05-29,14:43:30,intraday,512480,半导体ETF,2.146,- 趋势完好,scan_20260529_intraday.log
2026-05-29,14:43:30,intraday,512580,环保ETF,1.413,▲ 接近支撑,scan_20260529_intraday.log
2026-05-29,14:43:30,intraday,512660,军工ETF,1.276,✗ 趋势偏弱,scan_20260529_intraday.log
2026-05-29,14:43:30,intraday,512690,酒ETF,0.458,✗ 趋势偏弱,scan_20260529_intraday.log
2026-05-29,14:43:30,intraday,512800,银行ETF,0.777,✗ 趋势偏弱,scan_20260529_intraday.log
2026-05-29,14:43:30,intraday,512880,证券ETF,1.032,✗ 趋势偏弱,scan_20260529_intraday.log
2026-05-29,14:43:30,intraday,512980,传媒ETF,0.903,✗ 趋势偏弱,scan_20260529_intraday.log
2026-05-29,14:43:30,intraday,513180,恒生科技ETF,0.618,✗ 趋势偏弱,scan_20260529_intraday.log
2026-05-29,14:43:30,intraday,515070,人工智能ETF,2.481,- 趋势完好,scan_20260529_intraday.log
2026-05-29,14:43:30,intraday,515790,光伏ETF,1.071,✗ 趋势偏弱,scan_20260529_intraday.log
2026-05-29,14:43:30,intraday,515880,通信ETF,1.581,✗ 趋势偏弱,scan_20260529_intraday.log
2026-05-29,14:43:30,intraday,516110,汽车ETF,1.234,✗ 趋势偏弱,scan_20260529_intraday.log
2026-05-29,14:43:30,intraday,516160,新能源ETF,3.102,✗ 趋势偏弱,scan_20260529_intraday.log
2026-05-29,14:43:30,intraday,517520,黄金股ETF,1.881,✗ 趋势偏弱,scan_20260529_intraday.log
2026-05-29,14:43:30,intraday,562500,机器人ETF,1.165,- 趋势完好,scan_20260529_intraday.log
2026-05-29,14:43:30,intraday,562800,稀有金属ETF,1.05,✗ 趋势偏弱,scan_20260529_intraday.log
2026-05-29,14:43:30,intraday,588000,科创50ETF,1.826,- 趋势完好,scan_20260529_intraday.log
2026-06-01,15:34:11,intraday,159869,游戏ETF,1.164,✗ 趋势偏弱,scan_20260601_intraday.log
2026-06-01,15:34:11,intraday,159915,创业板ETF,3.964,- 趋势完好,scan_20260601_intraday.log
2026-06-01,15:34:11,intraday,159995,芯片ETF,2.357,- 趋势完好,scan_20260601_intraday.log
2026-06-01,15:34:11,intraday,510300,沪深300ETF,4.868,▲ 接近支撑,scan_20260601_intraday.log
2026-06-01,15:34:11,intraday,510500,中证500ETF,8.37,▲ 接近支撑,scan_20260601_intraday.log
2026-06-01,15:34:11,intraday,510880,红利ETF,3.307,◇ 多头排列,scan_20260601_intraday.log
2026-06-01,15:34:11,intraday,512010,医药ETF,0.34,✗ 趋势偏弱,scan_20260601_intraday.log
2026-06-01,15:34:11,intraday,512100,中证1000ETF,3.359,▲ 接近支撑,scan_20260601_intraday.log
2026-06-01,15:34:11,intraday,512200,房地产ETF,1.357,✗ 趋势偏弱,scan_20260601_intraday.log
2026-06-01,15:34:11,intraday,512400,有色金属ETF,1.949,✗ 趋势偏弱,scan_20260601_intraday.log
2026-06-01,15:34:11,intraday,512480,半导体ETF,2.046,- 趋势完好,scan_20260601_intraday.log
2026-06-01,15:34:11,intraday,512580,环保ETF,1.412,▲ 接近支撑,scan_20260601_intraday.log
2026-06-01,15:34:11,intraday,512660,军工ETF,1.269,✗ 趋势偏弱,scan_20260601_intraday.log
2026-06-01,15:34:11,intraday,512690,酒ETF,0.456,✗ 趋势偏弱,scan_20260601_intraday.log
2026-06-01,15:34:11,intraday,512800,银行ETF,0.785,✗ 趋势偏弱,scan_20260601_intraday.log
2026-06-01,15:34:11,intraday,512880,证券ETF,1.035,✗ 趋势偏弱,scan_20260601_intraday.log
2026-06-01,15:34:11,intraday,512980,传媒ETF,0.933,✗ 趋势偏弱,scan_20260601_intraday.log
2026-06-01,15:34:11,intraday,513180,恒生科技ETF,0.628,✗ 趋势偏弱,scan_20260601_intraday.log
2026-06-01,15:34:11,intraday,515070,人工智能ETF,2.426,- 趋势完好,scan_20260601_intraday.log
2026-06-01,15:34:11,intraday,515790,光伏ETF,1.066,✗ 趋势偏弱,scan_20260601_intraday.log
2026-06-01,15:34:11,intraday,515880,通信ETF,1.532,✗ 趋势偏弱,scan_20260601_intraday.log
2026-06-01,15:34:11,intraday,516110,汽车ETF,1.23,✗ 趋势偏弱,scan_20260601_intraday.log
2026-06-01,15:34:11,intraday,516160,新能源ETF,3.085,✗ 趋势偏弱,scan_20260601_intraday.log
2026-06-01,15:34:11,intraday,517520,黄金股ETF,1.899,✗ 趋势偏弱,scan_20260601_intraday.log
2026-06-01,15:34:11,intraday,562500,机器人ETF,1.102,- 趋势完好,scan_20260601_intraday.log
2026-06-01,15:34:11,intraday,562800,稀有金属ETF,1.055,✗ 趋势偏弱,scan_20260601_intraday.log
2026-06-01,15:34:11,intraday,588000,科创50ETF,1.754,- 趋势完好,scan_20260601_intraday.log
2026-06-02,15:34:10,intraday,159869,游戏ETF,1.133,✗ 趋势偏弱,scan_20260602_intraday.log
2026-06-02,15:34:10,intraday,159915,创业板ETF,4.071,◇ 多头排列,scan_20260602_intraday.log
2026-06-02,15:34:10,intraday,159995,芯片ETF,2.396,- 趋势完好,scan_20260602_intraday.log
2026-06-02,15:34:10,intraday,510300,沪深300ETF,4.936,◇ 多头排列,scan_20260602_intraday.log
2026-06-02,15:34:10,intraday,510500,中证500ETF,8.406,▲ 接近支撑,scan_20260602_intraday.log
2026-06-02,15:34:10,intraday,510880,红利ETF,3.308,◇ 多头排列,scan_20260602_intraday.log
2026-06-02,15:34:10,intraday,512010,医药ETF,0.336,✗ 趋势偏弱,scan_20260602_intraday.log
2026-06-02,15:34:10,intraday,512100,中证1000ETF,3.368,▲ 接近支撑,scan_20260602_intraday.log
2026-06-02,15:34:10,intraday,512200,房地产ETF,1.332,✗ 趋势偏弱,scan_20260602_intraday.log
2026-06-02,15:34:10,intraday,512400,有色金属ETF,2.015,✗ 趋势偏弱,scan_20260602_intraday.log
2026-06-02,15:34:10,intraday,512480,半导体ETF,2.08,- 趋势完好,scan_20260602_intraday.log
2026-06-02,15:34:10,intraday,512580,环保ETF,1.405,▲ 接近支撑,scan_20260602_intraday.log
2026-06-02,15:34:10,intraday,512660,军工ETF,1.267,✗ 趋势偏弱,scan_20260602_intraday.log
2026-06-02,15:34:10,intraday,512690,酒ETF,0.448,✗ 趋势偏弱,scan_20260602_intraday.log
2026-06-02,15:34:10,intraday,512800,银行ETF,0.79,◇ 多头排列,scan_20260602_intraday.log
2026-06-02,15:34:10,intraday,512880,证券ETF,1.037,✗ 趋势偏弱,scan_20260602_intraday.log
2026-06-02,15:34:10,intraday,512980,传媒ETF,0.906,✗ 趋势偏弱,scan_20260602_intraday.log
2026-06-02,15:34:10,intraday,513180,恒生科技ETF,0.652,✗ 趋势偏弱,scan_20260602_intraday.log
2026-06-02,15:34:10,intraday,515070,人工智能ETF,2.495,- 趋势完好,scan_20260602_intraday.log
2026-06-02,15:34:10,intraday,515790,光伏ETF,1.055,✗ 趋势偏弱,scan_20260602_intraday.log
2026-06-02,15:34:10,intraday,515880,通信ETF,1.635,✗ 趋势偏弱,scan_20260602_intraday.log
2026-06-02,15:34:10,intraday,516110,汽车ETF,1.25,✗ 趋势偏弱,scan_20260602_intraday.log
2026-06-02,15:34:10,intraday,516160,新能源ETF,3.075,✗ 趋势偏弱,scan_20260602_intraday.log
2026-06-02,15:34:10,intraday,517520,黄金股ETF,1.94,✗ 趋势偏弱,scan_20260602_intraday.log
2026-06-02,15:34:10,intraday,562500,机器人ETF,1.102,- 趋势完好,scan_20260602_intraday.log
2026-06-02,15:34:10,intraday,562800,稀有金属ETF,1.034,✗ 趋势偏弱,scan_20260602_intraday.log
2026-06-02,15:34:10,intraday,588000,科创50ETF,1.781,- 趋势完好,scan_20260602_intraday.log
2026-06-03,15:34:15,intraday,159869,游戏ETF,1.124,✗ 趋势偏弱,scan_20260603_intraday.log
2026-06-03,15:34:15,intraday,159915,创业板ETF,4.145,◇ 多头排列,scan_20260603_intraday.log
2026-06-03,15:34:15,intraday,159995,芯片ETF,2.483,- 趋势完好,scan_20260603_intraday.log
2026-06-03,15:34:15,intraday,510300,沪深300ETF,4.965,◇ 多头排列,scan_20260603_intraday.log
2026-06-03,15:34:15,intraday,510500,中证500ETF,8.455,▲ 接近支撑,scan_20260603_intraday.log
2026-06-03,15:34:15,intraday,510880,红利ETF,3.324,◇ 多头排列,scan_20260603_intraday.log
2026-06-03,15:34:15,intraday,512010,医药ETF,0.33,✗ 趋势偏弱,scan_20260603_intraday.log
2026-06-03,15:34:15,intraday,512100,中证1000ETF,3.389,▲ 接近支撑,scan_20260603_intraday.log
2026-06-03,15:34:15,intraday,512200,房地产ETF,1.316,✗ 趋势偏弱,scan_20260603_intraday.log
2026-06-03,15:34:15,intraday,512400,有色金属ETF,2.032,✗ 趋势偏弱,scan_20260603_intraday.log
2026-06-03,15:34:15,intraday,512480,半导体ETF,2.15,- 趋势完好,scan_20260603_intraday.log
2026-06-03,15:34:15,intraday,512580,环保ETF,1.4,▲ 接近支撑,scan_20260603_intraday.log
2026-06-03,15:34:15,intraday,512660,军工ETF,1.273,✗ 趋势偏弱,scan_20260603_intraday.log
2026-06-03,15:34:15,intraday,512690,酒ETF,0.444,✗ 趋势偏弱,scan_20260603_intraday.log
2026-06-03,15:34:15,intraday,512800,银行ETF,0.783,✗ 趋势偏弱,scan_20260603_intraday.log
2026-06-03,15:34:15,intraday,512880,证券ETF,1.035,✗ 趋势偏弱,scan_20260603_intraday.log
2026-06-03,15:34:15,intraday,512980,传媒ETF,0.891,✗ 趋势偏弱,scan_20260603_intraday.log
2026-06-03,15:34:15,intraday,513180,恒生科技ETF,0.641,✗ 趋势偏弱,scan_20260603_intraday.log
2026-06-03,15:34:15,intraday,515070,人工智能ETF,2.583,◇ 多头排列,scan_20260603_intraday.log
2026-06-03,15:34:15,intraday,515790,光伏ETF,1.065,✗ 趋势偏弱,scan_20260603_intraday.log
2026-06-03,15:34:15,intraday,515880,通信ETF,1.716,◇ 多头排列,scan_20260603_intraday.log
2026-06-03,15:34:15,intraday,516110,汽车ETF,1.234,✗ 趋势偏弱,scan_20260603_intraday.log
2026-06-03,15:34:15,intraday,516160,新能源ETF,3.06,✗ 趋势偏弱,scan_20260603_intraday.log
2026-06-03,15:34:15,intraday,517520,黄金股ETF,1.918,✗ 趋势偏弱,scan_20260603_intraday.log
2026-06-03,15:34:15,intraday,562500,机器人ETF,1.127,- 趋势完好,scan_20260603_intraday.log
2026-06-03,15:34:15,intraday,562800,稀有金属ETF,1.052,✗ 趋势偏弱,scan_20260603_intraday.log
2026-06-03,15:34:15,intraday,588000,科创50ETF,1.823,- 趋势完好,scan_20260603_intraday.log
2026-06-04,15:34:08,intraday,159869,游戏ETF,1.11,✗ 趋势偏弱,scan_20260604_intraday.log
2026-06-04,15:34:08,intraday,159915,创业板ETF,4.1,◇ 多头排列,scan_20260604_intraday.log
2026-06-04,15:34:08,intraday,159995,芯片ETF,2.53,- 趋势完好,scan_20260604_intraday.log
2026-06-04,15:34:08,intraday,510300,沪深300ETF,4.926,◇ 多头排列,scan_20260604_intraday.log
2026-06-04,15:34:08,intraday,510500,中证500ETF,8.448,▲ 接近支撑,scan_20260604_intraday.log
2026-06-04,15:34:08,intraday,510880,红利ETF,3.327,◇ 多头排列,scan_20260604_intraday.log
2026-06-04,15:34:08,intraday,512010,医药ETF,0.325,✗ 趋势偏弱,scan_20260604_intraday.log
2026-06-04,15:34:08,intraday,512100,中证1000ETF,3.385,▲ 接近支撑,scan_20260604_intraday.log
2026-06-04,15:34:08,intraday,512200,房地产ETF,1.306,✗ 趋势偏弱,scan_20260604_intraday.log
2026-06-04,15:34:08,intraday,512400,有色金属ETF,1.97,✗ 趋势偏弱,scan_20260604_intraday.log
2026-06-04,15:34:08,intraday,512480,半导体ETF,2.193,- 趋势完好,scan_20260604_intraday.log
2026-06-04,15:34:08,intraday,512580,环保ETF,1.378,✗ 趋势偏弱,scan_20260604_intraday.log
2026-06-04,15:34:08,intraday,512660,军工ETF,1.278,✗ 趋势偏弱,scan_20260604_intraday.log
2026-06-04,15:34:08,intraday,512690,酒ETF,0.433,✗ 趋势偏弱,scan_20260604_intraday.log
2026-06-04,15:34:08,intraday,512800,银行ETF,0.774,✗ 趋势偏弱,scan_20260604_intraday.log
2026-06-04,15:34:08,intraday,512880,证券ETF,1.022,✗ 趋势偏弱,scan_20260604_intraday.log
2026-06-04,15:34:08,intraday,512980,传媒ETF,0.875,✗ 趋势偏弱,scan_20260604_intraday.log
2026-06-04,15:34:08,intraday,513180,恒生科技ETF,0.631,✗ 趋势偏弱,scan_20260604_intraday.log
2026-06-04,15:34:08,intraday,515070,人工智能ETF,2.566,◇ 多头排列,scan_20260604_intraday.log
2026-06-04,15:34:08,intraday,515790,光伏ETF,1.066,✗ 趋势偏弱,scan_20260604_intraday.log
2026-06-04,15:34:08,intraday,515880,通信ETF,1.708,◇ 多头排列,scan_20260604_intraday.log
2026-06-04,15:34:08,intraday,516110,汽车ETF,1.225,✗ 趋势偏弱,scan_20260604_intraday.log
2026-06-04,15:34:08,intraday,516160,新能源ETF,3.009,✗ 趋势偏弱,scan_20260604_intraday.log
2026-06-04,15:34:08,intraday,517520,黄金股ETF,1.863,✗ 趋势偏弱,scan_20260604_intraday.log
2026-06-04,15:34:08,intraday,562500,机器人ETF,1.127,- 趋势完好,scan_20260604_intraday.log
2026-06-04,15:34:08,intraday,562800,稀有金属ETF,1.074,✗ 趋势偏弱,scan_20260604_intraday.log
2026-06-04,15:34:08,intraday,588000,科创50ETF,1.832,- 趋势完好,scan_20260604_intraday.log
2026-06-05,15:46:58,intraday,159869,游戏ETF,1.122,✗ 趋势偏弱,scan_20260605_intraday.log
2026-06-05,15:46:58,intraday,159915,创业板ETF,3.977,- 趋势完好,scan_20260605_intraday.log
2026-06-05,15:46:58,intraday,159995,芯片ETF,2.403,- 趋势完好,scan_20260605_intraday.log
2026-06-05,15:46:58,intraday,510300,沪深300ETF,4.843,▲ 接近支撑,scan_20260605_intraday.log
2026-06-05,15:46:58,intraday,510500,中证500ETF,8.339,▲ 接近支撑,scan_20260605_intraday.log
2026-06-05,15:46:58,intraday,510880,红利ETF,3.321,◇ 多头排列,scan_20260605_intraday.log
2026-06-05,15:46:58,intraday,512010,医药ETF,0.327,✗ 趋势偏弱,scan_20260605_intraday.log
2026-06-05,15:46:58,intraday,512100,中证1000ETF,3.358,▲ 接近支撑,scan_20260605_intraday.log
2026-06-05,15:46:58,intraday,512200,房地产ETF,1.297,✗ 趋势偏弱,scan_20260605_intraday.log
2026-06-05,15:46:58,intraday,512400,有色金属ETF,1.926,✗ 趋势偏弱,scan_20260605_intraday.log
2026-06-05,15:46:58,intraday,512480,半导体ETF,2.091,- 趋势完好,scan_20260605_intraday.log
2026-06-05,15:46:58,intraday,512580,环保ETF,1.345,✗ 趋势偏弱,scan_20260605_intraday.log
2026-06-05,15:46:58,intraday,512660,军工ETF,1.274,✗ 趋势偏弱,scan_20260605_intraday.log
2026-06-05,15:46:58,intraday,512690,酒ETF,0.433,✗ 趋势偏弱,scan_20260605_intraday.log
2026-06-05,15:46:58,intraday,512800,银行ETF,0.784,✗ 趋势偏弱,scan_20260605_intraday.log
2026-06-05,15:46:58,intraday,512880,证券ETF,1.016,✗ 趋势偏弱,scan_20260605_intraday.log
2026-06-05,15:46:58,intraday,512980,传媒ETF,0.874,✗ 趋势偏弱,scan_20260605_intraday.log
2026-06-05,15:46:58,intraday,513180,恒生科技ETF,0.621,✗ 趋势偏弱,scan_20260605_intraday.log
2026-06-05,15:46:58,intraday,515070,人工智能ETF,2.477,- 趋势完好,scan_20260605_intraday.log
2026-06-05,15:46:58,intraday,515790,光伏ETF,1.04,✗ 趋势偏弱,scan_20260605_intraday.log
2026-06-05,15:46:58,intraday,515880,通信ETF,1.663,◇ 多头排列,scan_20260605_intraday.log
2026-06-05,15:46:58,intraday,516110,汽车ETF,1.226,✗ 趋势偏弱,scan_20260605_intraday.log
2026-06-05,15:46:58,intraday,516160,新能源ETF,2.938,✗ 趋势偏弱,scan_20260605_intraday.log
2026-06-05,15:46:58,intraday,517520,黄金股ETF,1.829,✗ 趋势偏弱,scan_20260605_intraday.log
2026-06-05,15:46:58,intraday,562500,机器人ETF,1.129,- 趋势完好,scan_20260605_intraday.log
2026-06-05,15:46:58,intraday,562800,稀有金属ETF,1.054,✗ 趋势偏弱,scan_20260605_intraday.log
2026-06-05,15:46:58,intraday,588000,科创50ETF,1.763,- 趋势完好,scan_20260605_intraday.log
2026-06-08,15:53:00,intraday,159869,游戏ETF,1.096,✗ 趋势偏弱,scan_20260608_intraday.log
2026-06-08,15:53:00,intraday,159915,创业板ETF,3.827,▲ 接近支撑,scan_20260608_intraday.log
2026-06-08,15:53:00,intraday,159995,芯片ETF,2.293,- 趋势完好,scan_20260608_intraday.log
2026-06-08,15:53:00,intraday,510300,沪深300ETF,4.739,✗ 趋势偏弱,scan_20260608_intraday.log
2026-06-08,15:53:00,intraday,510500,中证500ETF,8.068,✗ 趋势偏弱,scan_20260608_intraday.log
2026-06-08,15:53:00,intraday,510880,红利ETF,3.304,- 趋势完好,scan_20260608_intraday.log
2026-06-08,15:53:00,intraday,512010,医药ETF,0.322,✗ 趋势偏弱,scan_20260608_intraday.log
2026-06-08,15:53:00,intraday,512100,中证1000ETF,3.258,✗ 趋势偏弱,scan_20260608_intraday.log
2026-06-08,15:53:00,intraday,512200,房地产ETF,1.262,✗ 趋势偏弱,scan_20260608_intraday.log
2026-06-08,15:53:00,intraday,512400,有色金属ETF,1.82,✗ 趋势偏弱,scan_20260608_intraday.log
2026-06-08,15:53:00,intraday,512480,半导体ETF,1.995,- 趋势完好,scan_20260608_intraday.log
2026-06-08,15:53:00,intraday,512580,环保ETF,1.297,✗ 趋势偏弱,scan_20260608_intraday.log
2026-06-08,15:53:00,intraday,512660,军工ETF,1.22,✗ 趋势偏弱,scan_20260608_intraday.log
2026-06-08,15:53:00,intraday,512690,酒ETF,0.425,✗ 趋势偏弱,scan_20260608_intraday.log
2026-06-08,15:53:00,intraday,512800,银行ETF,0.789,◇ 多头排列,scan_20260608_intraday.log
2026-06-08,15:53:00,intraday,512880,证券ETF,1.001,✗ 趋势偏弱,scan_20260608_intraday.log
2026-06-08,15:53:00,intraday,512980,传媒ETF,0.854,✗ 趋势偏弱,scan_20260608_intraday.log
2026-06-08,15:53:00,intraday,513180,恒生科技ETF,0.603,✗ 趋势偏弱,scan_20260608_intraday.log
2026-06-08,15:53:00,intraday,515070,人工智能ETF,2.379,- 趋势完好,scan_20260608_intraday.log
2026-06-08,15:53:00,intraday,515790,光伏ETF,0.987,✗ 趋势偏弱,scan_20260608_intraday.log
2026-06-08,15:53:00,intraday,515880,通信ETF,1.601,✗ 趋势偏弱,scan_20260608_intraday.log
2026-06-08,15:53:00,intraday,516110,汽车ETF,1.209,✗ 趋势偏弱,scan_20260608_intraday.log
2026-06-08,15:53:00,intraday,516160,新能源ETF,2.811,✗ 趋势偏弱,scan_20260608_intraday.log
2026-06-08,15:53:00,intraday,517520,黄金股ETF,1.716,✗ 趋势偏弱,scan_20260608_intraday.log
2026-06-08,15:53:00,intraday,562500,机器人ETF,1.163,◇ 多头排列,scan_20260608_intraday.log
2026-06-08,15:53:00,intraday,562800,稀有金属ETF,1.041,✗ 趋势偏弱,scan_20260608_intraday.log
2026-06-08,15:53:00,intraday,588000,科创50ETF,1.683,▲ 接近支撑,scan_20260608_intraday.log
2026-06-09,15:34:07,intraday,159869,游戏ETF,1.107,✗ 趋势偏弱,scan_20260609_intraday.log
2026-06-09,15:34:07,intraday,159915,创业板ETF,3.972,- 趋势完好,scan_20260609_intraday.log
2026-06-09,15:34:07,intraday,159995,芯片ETF,2.41,- 趋势完好,scan_20260609_intraday.log
2026-06-09,15:34:07,intraday,510300,沪深300ETF,4.826,▲ 接近支撑,scan_20260609_intraday.log
2026-06-09,15:34:07,intraday,510500,中证500ETF,8.27,✗ 趋势偏弱,scan_20260609_intraday.log
2026-06-09,15:34:07,intraday,510880,红利ETF,3.291,- 趋势完好,scan_20260609_intraday.log
2026-06-09,15:34:07,intraday,512010,医药ETF,0.32,✗ 趋势偏弱,scan_20260609_intraday.log
2026-06-09,15:34:07,intraday,512100,中证1000ETF,3.341,▲ 接近支撑,scan_20260609_intraday.log
2026-06-09,15:34:07,intraday,512200,房地产ETF,1.263,✗ 趋势偏弱,scan_20260609_intraday.log
2026-06-09,15:34:07,intraday,512400,有色金属ETF,1.869,✗ 趋势偏弱,scan_20260609_intraday.log
2026-06-09,15:34:07,intraday,512480,半导体ETF,2.109,- 趋势完好,scan_20260609_intraday.log
2026-06-09,15:34:07,intraday,512580,环保ETF,1.329,✗ 趋势偏弱,scan_20260609_intraday.log
2026-06-09,15:34:07,intraday,512660,军工ETF,1.235,✗ 趋势偏弱,scan_20260609_intraday.log
2026-06-09,15:34:07,intraday,512690,酒ETF,0.421,✗ 趋势偏弱,scan_20260609_intraday.log
2026-06-09,15:34:07,intraday,512800,银行ETF,0.792,◇ 多头排列,scan_20260609_intraday.log
2026-06-09,15:34:07,intraday,512880,证券ETF,1.005,✗ 趋势偏弱,scan_20260609_intraday.log
2026-06-09,15:34:07,intraday,512980,传媒ETF,0.868,✗ 趋势偏弱,scan_20260609_intraday.log
2026-06-09,15:34:07,intraday,513180,恒生科技ETF,0.61,✗ 趋势偏弱,scan_20260609_intraday.log
2026-06-09,15:34:07,intraday,515070,人工智能ETF,2.461,- 趋势完好,scan_20260609_intraday.log
2026-06-09,15:34:07,intraday,515790,光伏ETF,1.014,✗ 趋势偏弱,scan_20260609_intraday.log
2026-06-09,15:34:07,intraday,515880,通信ETF,1.695,◇ 多头排列,scan_20260609_intraday.log
2026-06-09,15:34:07,intraday,516110,汽车ETF,1.214,✗ 趋势偏弱,scan_20260609_intraday.log
2026-06-09,15:34:07,intraday,516160,新能源ETF,2.902,✗ 趋势偏弱,scan_20260609_intraday.log
2026-06-09,15:34:07,intraday,517520,黄金股ETF,1.744,✗ 趋势偏弱,scan_20260609_intraday.log
2026-06-09,15:34:07,intraday,562500,机器人ETF,1.168,◇ 多头排列,scan_20260609_intraday.log
2026-06-09,15:34:07,intraday,562800,稀有金属ETF,0.988,✗ 趋势偏弱,scan_20260609_intraday.log
2026-06-09,15:34:07,intraday,588000,科创50ETF,1.755,- 趋势完好,scan_20260609_intraday.log
2026-06-10,10:28:08,morning,159869,游戏ETF,1.099,✗ 趋势偏弱,scan_20260610_morning.log
2026-06-10,10:28:08,morning,159915,创业板ETF,3.883,▲ 接近支撑,scan_20260610_morning.log
2026-06-10,10:28:08,morning,159995,芯片ETF,2.409,- 趋势完好,scan_20260610_morning.log
2026-06-10,10:28:08,morning,510300,沪深300ETF,4.781,✗ 趋势偏弱,scan_20260610_morning.log
2026-06-10,10:28:08,morning,510500,中证500ETF,8.137,✗ 趋势偏弱,scan_20260610_morning.log
2026-06-10,10:28:08,morning,510880,红利ETF,3.272,- 趋势完好,scan_20260610_morning.log
2026-06-10,10:28:08,morning,512010,医药ETF,0.322,✗ 趋势偏弱,scan_20260610_morning.log
2026-06-10,10:28:08,morning,512100,中证1000ETF,3.291,✗ 趋势偏弱,scan_20260610_morning.log
2026-06-10,10:28:08,morning,512200,房地产ETF,1.257,✗ 趋势偏弱,scan_20260610_morning.log
2026-06-10,10:28:08,morning,512400,有色金属ETF,1.826,✗ 趋势偏弱,scan_20260610_morning.log
2026-06-10,10:28:08,morning,512480,半导体ETF,2.108,- 趋势完好,scan_20260610_morning.log
2026-06-10,10:28:08,morning,512580,环保ETF,1.296,✗ 趋势偏弱,scan_20260610_morning.log
2026-06-10,10:28:08,morning,512660,军工ETF,1.214,✗ 趋势偏弱,scan_20260610_morning.log
2026-06-10,10:28:08,morning,512690,酒ETF,0.428,✗ 趋势偏弱,scan_20260610_morning.log
2026-06-10,10:28:08,morning,512800,银行ETF,0.803,◇ 多头排列,scan_20260610_morning.log
2026-06-10,10:28:08,morning,512880,证券ETF,1.004,✗ 趋势偏弱,scan_20260610_morning.log
2026-06-10,10:28:08,morning,512980,传媒ETF,0.861,✗ 趋势偏弱,scan_20260610_morning.log
2026-06-10,10:28:08,morning,513180,恒生科技ETF,0.599,✗ 趋势偏弱,scan_20260610_morning.log
2026-06-10,10:28:08,morning,515070,人工智能ETF,2.432,- 趋势完好,scan_20260610_morning.log
2026-06-10,10:28:08,morning,515790,光伏ETF,0.979,✗ 趋势偏弱,scan_20260610_morning.log
2026-06-10,10:28:08,morning,515880,通信ETF,1.636,- 趋势完好,scan_20260610_morning.log
2026-06-10,10:28:08,morning,516110,汽车ETF,1.185,✗ 趋势偏弱,scan_20260610_morning.log
2026-06-10,10:28:08,morning,516160,新能源ETF,2.827,✗ 趋势偏弱,scan_20260610_morning.log
2026-06-10,10:28:08,morning,517520,黄金股ETF,1.67,✗ 趋势偏弱,scan_20260610_morning.log
2026-06-10,10:28:08,morning,562500,机器人ETF,1.142,- 趋势完好,scan_20260610_morning.log
2026-06-10,10:28:08,morning,562800,稀有金属ETF,1.019,✗ 趋势偏弱,scan_20260610_morning.log
2026-06-10,10:28:08,morning,588000,科创50ETF,1.763,- 趋势完好,scan_20260610_morning.log
2026-06-11,15:34:11,intraday,159869,游戏ETF,1.049,✗ 趋势偏弱,scan_20260611_intraday.log
2026-06-11,15:34:11,intraday,159915,创业板ETF,3.83,▲ 接近支撑,scan_20260611_intraday.log
2026-06-11,15:34:11,intraday,159995,芯片ETF,2.399,- 趋势完好,scan_20260611_intraday.log
2026-06-11,15:34:11,intraday,510300,沪深300ETF,4.751,✗ 趋势偏弱,scan_20260611_intraday.log
2026-06-11,15:34:11,intraday,510500,中证500ETF,8.133,✗ 趋势偏弱,scan_20260611_intraday.log
2026-06-11,15:34:11,intraday,510880,红利ETF,3.26,- 趋势完好,scan_20260611_intraday.log
2026-06-11,15:34:11,intraday,512010,医药ETF,0.325,✗ 趋势偏弱,scan_20260611_intraday.log
2026-06-11,15:34:11,intraday,512100,中证1000ETF,3.286,✗ 趋势偏弱,scan_20260611_intraday.log
2026-06-11,15:34:11,intraday,512200,房地产ETF,1.26,✗ 趋势偏弱,scan_20260611_intraday.log
2026-06-11,15:34:11,intraday,512400,有色金属ETF,1.88,✗ 趋势偏弱,scan_20260611_intraday.log
2026-06-11,15:34:11,intraday,512480,半导体ETF,2.13,- 趋势完好,scan_20260611_intraday.log
2026-06-11,15:34:11,intraday,512580,环保ETF,1.306,✗ 趋势偏弱,scan_20260611_intraday.log
2026-06-11,15:34:11,intraday,512660,军工ETF,1.219,✗ 趋势偏弱,scan_20260611_intraday.log
2026-06-11,15:34:11,intraday,512690,酒ETF,0.424,✗ 趋势偏弱,scan_20260611_intraday.log
2026-06-11,15:34:11,intraday,512800,银行ETF,0.802,◇ 多头排列,scan_20260611_intraday.log
2026-06-11,15:34:11,intraday,512880,证券ETF,1.008,✗ 趋势偏弱,scan_20260611_intraday.log
2026-06-11,15:34:11,intraday,512980,传媒ETF,0.823,✗ 趋势偏弱,scan_20260611_intraday.log
2026-06-11,15:34:11,intraday,513180,恒生科技ETF,0.589,✗ 趋势偏弱,scan_20260611_intraday.log
2026-06-11,15:34:11,intraday,515070,人工智能ETF,2.352,▲ 接近支撑,scan_20260611_intraday.log
2026-06-11,15:34:11,intraday,515790,光伏ETF,0.998,✗ 趋势偏弱,scan_20260611_intraday.log
2026-06-11,15:34:11,intraday,515880,通信ETF,1.603,- 趋势完好,scan_20260611_intraday.log
2026-06-11,15:34:11,intraday,516110,汽车ETF,1.166,✗ 趋势偏弱,scan_20260611_intraday.log
2026-06-11,15:34:11,intraday,516160,新能源ETF,2.859,✗ 趋势偏弱,scan_20260611_intraday.log
2026-06-11,15:34:11,intraday,517520,黄金股ETF,1.698,✗ 趋势偏弱,scan_20260611_intraday.log
2026-06-11,15:34:11,intraday,562500,机器人ETF,1.132,- 趋势完好,scan_20260611_intraday.log
2026-06-11,15:34:11,intraday,562800,稀有金属ETF,1.023,✗ 趋势偏弱,scan_20260611_intraday.log
2026-06-11,15:34:11,intraday,588000,科创50ETF,1.756,- 趋势完好,scan_20260611_intraday.log
2026-06-12,15:34:10,intraday,159869,游戏ETF,1.063,✗ 趋势偏弱,scan_20260612_intraday.log
2026-06-12,15:34:10,intraday,159915,创业板ETF,3.846,▲ 接近支撑,scan_20260612_intraday.log
2026-06-12,15:34:10,intraday,159995,芯片ETF,2.383,- 趋势完好,scan_20260612_intraday.log
2026-06-12,15:34:10,intraday,510300,沪深300ETF,4.818,▲ 接近支撑,scan_20260612_intraday.log
2026-06-12,15:34:10,intraday,510500,中证500ETF,8.242,✗ 趋势偏弱,scan_20260612_intraday.log
2026-06-12,15:34:10,intraday,510880,红利ETF,3.303,◇ 多头排列,scan_20260612_intraday.log
2026-06-12,15:34:10,intraday,512010,医药ETF,0.332,✗ 趋势偏弱,scan_20260612_intraday.log
2026-06-12,15:34:10,intraday,512100,中证1000ETF,3.309,✗ 趋势偏弱,scan_20260612_intraday.log
2026-06-12,15:34:10,intraday,512200,房地产ETF,1.277,✗ 趋势偏弱,scan_20260612_intraday.log
2026-06-12,15:34:10,intraday,512400,有色金属ETF,1.976,✗ 趋势偏弱,scan_20260612_intraday.log
2026-06-12,15:34:10,intraday,512480,半导体ETF,2.106,- 趋势完好,scan_20260612_intraday.log
2026-06-12,15:34:10,intraday,512580,环保ETF,1.328,✗ 趋势偏弱,scan_20260612_intraday.log
2026-06-12,15:34:10,intraday,512660,军工ETF,1.246,✗ 趋势偏弱,scan_20260612_intraday.log
2026-06-12,15:34:10,intraday,512690,酒ETF,0.428,✗ 趋势偏弱,scan_20260612_intraday.log
2026-06-12,15:34:10,intraday,512800,银行ETF,0.814,★ 买入信号,scan_20260612_intraday.log
2026-06-12,15:34:10,intraday,512880,证券ETF,1.045,✗ 趋势偏弱,scan_20260612_intraday.log
2026-06-12,15:34:10,intraday,512980,传媒ETF,0.83,✗ 趋势偏弱,scan_20260612_intraday.log
2026-06-12,15:34:10,intraday,513180,恒生科技ETF,0.595,✗ 趋势偏弱,scan_20260612_intraday.log
2026-06-12,15:34:10,intraday,515070,人工智能ETF,2.349,▲ 接近支撑,scan_20260612_intraday.log
2026-06-12,15:34:10,intraday,515790,光伏ETF,0.996,✗ 趋势偏弱,scan_20260612_intraday.log
2026-06-12,15:34:10,intraday,515880,通信ETF,1.584,- 趋势完好,scan_20260612_intraday.log
2026-06-12,15:34:10,intraday,516110,汽车ETF,1.175,✗ 趋势偏弱,scan_20260612_intraday.log
2026-06-12,15:34:10,intraday,516160,新能源ETF,2.908,✗ 趋势偏弱,scan_20260612_intraday.log
2026-06-12,15:34:10,intraday,517520,黄金股ETF,1.807,✗ 趋势偏弱,scan_20260612_intraday.log
2026-06-12,15:34:10,intraday,562500,机器人ETF,1.087,▲ 接近支撑,scan_20260612_intraday.log
2026-06-12,15:34:10,intraday,562800,稀有金属ETF,1.097,★ 买入信号,scan_20260612_intraday.log
2026-06-12,15:34:10,intraday,588000,科创50ETF,1.756,- 趋势完好,scan_20260612_intraday.log
2026-06-15,15:34:10,intraday,159869,游戏ETF,1.078,✗ 趋势偏弱,scan_20260615_intraday.log
2026-06-15,15:34:10,intraday,159915,创业板ETF,4.045,◇ 多头排列,scan_20260615_intraday.log
2026-06-15,15:34:10,intraday,159995,芯片ETF,2.514,◇ 多头排列,scan_20260615_intraday.log
2026-06-15,15:34:10,intraday,510300,沪深300ETF,4.919,◇ 多头排列,scan_20260615_intraday.log
2026-06-15,15:34:10,intraday,510500,中证500ETF,8.544,◇ 多头排列,scan_20260615_intraday.log
2026-06-15,15:34:10,intraday,510880,红利ETF,3.249,✗ 趋势偏弱,scan_20260615_intraday.log
2026-06-15,15:34:10,intraday,512010,医药ETF,0.329,✗ 趋势偏弱,scan_20260615_intraday.log
2026-06-15,15:34:10,intraday,512100,中证1000ETF,3.439,◇ 多头排列,scan_20260615_intraday.log
2026-06-15,15:34:10,intraday,512200,房地产ETF,1.285,✗ 趋势偏弱,scan_20260615_intraday.log
2026-06-15,15:34:10,intraday,512400,有色金属ETF,2.063,✗ 趋势偏弱,scan_20260615_intraday.log
2026-06-15,15:34:10,intraday,512480,半导体ETF,2.231,◇ 多头排列,scan_20260615_intraday.log
2026-06-15,15:34:10,intraday,512580,环保ETF,1.34,✗ 趋势偏弱,scan_20260615_intraday.log
2026-06-15,15:34:10,intraday,512660,军工ETF,1.266,✗ 趋势偏弱,scan_20260615_intraday.log
2026-06-15,15:34:10,intraday,512690,酒ETF,0.426,✗ 趋势偏弱,scan_20260615_intraday.log
2026-06-15,15:34:10,intraday,512800,银行ETF,0.802,- 趋势完好,scan_20260615_intraday.log
2026-06-15,15:34:10,intraday,512880,证券ETF,1.072,✗ 趋势偏弱,scan_20260615_intraday.log
2026-06-15,15:34:10,intraday,512980,传媒ETF,0.842,✗ 趋势偏弱,scan_20260615_intraday.log
2026-06-15,15:34:10,intraday,513180,恒生科技ETF,0.602,✗ 趋势偏弱,scan_20260615_intraday.log
2026-06-15,15:34:10,intraday,515070,人工智能ETF,2.474,- 趋势完好,scan_20260615_intraday.log
2026-06-15,15:34:10,intraday,515790,光伏ETF,1.018,✗ 趋势偏弱,scan_20260615_intraday.log
2026-06-15,15:34:10,intraday,515880,通信ETF,1.689,◇ 多头排列,scan_20260615_intraday.log
2026-06-15,15:34:10,intraday,516110,汽车ETF,1.193,✗ 趋势偏弱,scan_20260615_intraday.log
2026-06-15,15:34:10,intraday,516160,新能源ETF,2.968,✗ 趋势偏弱,scan_20260615_intraday.log
2026-06-15,15:34:10,intraday,517520,黄金股ETF,1.918,✗ 趋势偏弱,scan_20260615_intraday.log
2026-06-15,15:34:10,intraday,562500,机器人ETF,1.087,▲ 接近支撑,scan_20260615_intraday.log
2026-06-15,15:34:10,intraday,562800,稀有金属ETF,1.097,★ 买入信号,scan_20260615_intraday.log
2026-06-15,15:34:10,intraday,588000,科创50ETF,1.844,◇ 多头排列,scan_20260615_intraday.log
2026-06-16,15:34:05,intraday,159869,游戏ETF,1.063,✗ 趋势偏弱,scan_20260616_intraday.log
2026-06-16,15:34:05,intraday,159915,创业板ETF,4.111,◇ 多头排列,scan_20260616_intraday.log
2026-06-16,15:34:05,intraday,159995,芯片ETF,2.536,◇ 多头排列,scan_20260616_intraday.log
2026-06-16,15:34:05,intraday,510300,沪深300ETF,4.91,★ 买入信号,scan_20260616_intraday.log
2026-06-16,15:34:05,intraday,510500,中证500ETF,8.632,◇ 多头排列,scan_20260616_intraday.log
2026-06-16,15:34:05,intraday,510880,红利ETF,3.196,✗ 趋势偏弱,scan_20260616_intraday.log
2026-06-16,15:34:05,intraday,512010,医药ETF,0.323,✗ 趋势偏弱,scan_20260616_intraday.log
2026-06-16,15:34:05,intraday,512100,中证1000ETF,3.491,★ 买入信号,scan_20260616_intraday.log
2026-06-16,15:34:05,intraday,512200,房地产ETF,1.259,✗ 趋势偏弱,scan_20260616_intraday.log
2026-06-16,15:34:05,intraday,512400,有色金属ETF,2.049,✗ 趋势偏弱,scan_20260616_intraday.log
2026-06-16,15:34:05,intraday,512480,半导体ETF,2.254,◇ 多头排列,scan_20260616_intraday.log
2026-06-16,15:34:05,intraday,512580,环保ETF,1.368,✗ 趋势偏弱,scan_20260616_intraday.log
2026-06-16,15:34:05,intraday,512660,军工ETF,1.267,✗ 趋势偏弱,scan_20260616_intraday.log
2026-06-16,15:34:05,intraday,512690,酒ETF,0.419,✗ 趋势偏弱,scan_20260616_intraday.log
2026-06-16,15:34:05,intraday,512800,银行ETF,0.792,- 趋势完好,scan_20260616_intraday.log
2026-06-16,15:34:05,intraday,512880,证券ETF,1.082,✗ 趋势偏弱,scan_20260616_intraday.log
2026-06-16,17:02:54,close,512890,红利低波ETF,1.145,✗ 趋势偏弱,scan_20260616.log
2026-06-16,15:34:05,intraday,512980,传媒ETF,0.835,✗ 趋势偏弱,scan_20260616_intraday.log
2026-06-16,15:34:05,intraday,513180,恒生科技ETF,0.59,✗ 趋势偏弱,scan_20260616_intraday.log
2026-06-16,15:34:05,intraday,515070,人工智能ETF,2.48,- 趋势完好,scan_20260616_intraday.log
2026-06-16,15:34:05,intraday,515790,光伏ETF,1.034,✗ 趋势偏弱,scan_20260616_intraday.log
2026-06-16,15:34:05,intraday,515880,通信ETF,1.729,◇ 多头排列,scan_20260616_intraday.log
2026-06-16,15:34:05,intraday,516110,汽车ETF,1.172,✗ 趋势偏弱,scan_20260616_intraday.log
2026-06-16,15:34:05,intraday,516160,新能源ETF,3.039,✗ 趋势偏弱,scan_20260616_intraday.log
2026-06-16,15:34:05,intraday,517520,黄金股ETF,1.889,✗ 趋势偏弱,scan_20260616_intraday.log
2026-06-16,15:34:05,intraday,562500,机器人ETF,1.121,▲ 接近支撑,scan_20260616_intraday.log
2026-06-16,15:34:05,intraday,562800,稀有金属ETF,1.147,★ 买入信号,scan_20260616_intraday.log
2026-06-16,15:34:05,intraday,588000,科创50ETF,1.855,◇ 多头排列,scan_20260616_intraday.log
2026-06-17,15:34:11,intraday,159869,游戏ETF,1.044,✗ 趋势偏弱,scan_20260617_intraday.log
2026-06-17,15:34:11,intraday,159915,创业板ETF,4.183,◇ 多头排列,scan_20260617_intraday.log
2026-06-17,15:34:11,intraday,159995,芯片ETF,2.69,◇ 多头排列,scan_20260617_intraday.log
2026-06-17,15:34:11,intraday,510300,沪深300ETF,4.958,★ 买入信号,scan_20260617_intraday.log
2026-06-17,15:34:11,intraday,510500,中证500ETF,8.763,◇ 多头排列,scan_20260617_intraday.log
2026-06-17,15:34:11,intraday,510880,红利ETF,3.16,✗ 趋势偏弱,scan_20260617_intraday.log
2026-06-17,15:34:11,intraday,512010,医药ETF,0.323,✗ 趋势偏弱,scan_20260617_intraday.log
2026-06-17,15:34:11,intraday,512100,中证1000ETF,3.519,◇ 多头排列,scan_20260617_intraday.log
2026-06-17,15:34:11,intraday,512200,房地产ETF,1.257,✗ 趋势偏弱,scan_20260617_intraday.log
2026-06-17,15:34:11,intraday,512400,有色金属ETF,2.045,✗ 趋势偏弱,scan_20260617_intraday.log
2026-06-17,15:34:11,intraday,512480,半导体ETF,2.387,◇ 多头排列,scan_20260617_intraday.log
2026-06-17,15:34:11,intraday,512580,环保ETF,1.361,✗ 趋势偏弱,scan_20260617_intraday.log
2026-06-17,15:34:11,intraday,512660,军工ETF,1.289,✗ 趋势偏弱,scan_20260617_intraday.log
2026-06-17,15:34:11,intraday,512690,酒ETF,0.413,✗ 趋势偏弱,scan_20260617_intraday.log
2026-06-17,15:34:11,intraday,512800,银行ETF,0.785,✗ 趋势偏弱,scan_20260617_intraday.log
2026-06-17,15:34:11,intraday,512880,证券ETF,1.081,✗ 趋势偏弱,scan_20260617_intraday.log
2026-06-17,15:34:11,intraday,512890,红利低波ETF,1.14,✗ 趋势偏弱,scan_20260617_intraday.log
2026-06-17,15:34:11,intraday,512980,传媒ETF,0.822,✗ 趋势偏弱,scan_20260617_intraday.log
2026-06-17,15:34:11,intraday,513180,恒生科技ETF,0.591,✗ 趋势偏弱,scan_20260617_intraday.log
2026-06-17,15:34:11,intraday,515070,人工智能ETF,2.541,★ 买入信号,scan_20260617_intraday.log
2026-06-17,15:34:11,intraday,515790,光伏ETF,1.027,✗ 趋势偏弱,scan_20260617_intraday.log
2026-06-17,15:34:11,intraday,515880,通信ETF,1.758,◇ 多头排列,scan_20260617_intraday.log
2026-06-17,15:34:11,intraday,516110,汽车ETF,1.161,✗ 趋势偏弱,scan_20260617_intraday.log
2026-06-17,15:34:11,intraday,516160,新能源ETF,3.033,✗ 趋势偏弱,scan_20260617_intraday.log
2026-06-17,15:34:11,intraday,517520,黄金股ETF,1.891,✗ 趋势偏弱,scan_20260617_intraday.log
2026-06-17,15:34:11,intraday,562500,机器人ETF,1.142,- 趋势完好,scan_20260617_intraday.log
2026-06-17,15:34:11,intraday,562800,稀有金属ETF,1.159,★ 买入信号,scan_20260617_intraday.log
2026-06-17,15:34:11,intraday,588000,科创50ETF,1.939,★ 买入信号,scan_20260617_intraday.log
2026-06-18,15:34:02,intraday,159869,游戏ETF,1.046,✗ 趋势偏弱,scan_20260618_intraday.log
2026-06-18,15:34:02,intraday,159915,创业板ETF,4.269,◇ 多头排列,scan_20260618_intraday.log
2026-06-18,15:34:02,intraday,159995,芯片ETF,2.816,◇ 多头排列,scan_20260618_intraday.log
2026-06-18,15:34:02,intraday,510300,沪深300ETF,4.984,★ 买入信号,scan_20260618_intraday.log
2026-06-18,15:34:02,intraday,510500,中证500ETF,8.828,◇ 多头排列,scan_20260618_intraday.log
2026-06-18,15:34:02,intraday,510880,红利ETF,3.098,✗ 趋势偏弱,scan_20260618_intraday.log
2026-06-18,15:34:02,intraday,512010,医药ETF,0.326,✗ 趋势偏弱,scan_20260618_intraday.log
2026-06-18,15:34:02,intraday,512100,中证1000ETF,3.544,◇ 多头排列,scan_20260618_intraday.log
2026-06-18,15:34:02,intraday,512200,房地产ETF,1.243,✗ 趋势偏弱,scan_20260618_intraday.log
2026-06-18,15:34:02,intraday,512400,有色金属ETF,2.05,✗ 趋势偏弱,scan_20260618_intraday.log
2026-06-18,15:34:02,intraday,512480,半导体ETF,2.481,◇ 多头排列,scan_20260618_intraday.log
2026-06-18,15:34:02,intraday,512580,环保ETF,1.343,✗ 趋势偏弱,scan_20260618_intraday.log
2026-06-18,15:34:02,intraday,512660,军工ETF,1.29,✗ 趋势偏弱,scan_20260618_intraday.log
2026-06-18,15:34:02,intraday,512690,酒ETF,0.404,✗ 趋势偏弱,scan_20260618_intraday.log
2026-06-18,15:34:02,intraday,512800,银行ETF,0.766,✗ 趋势偏弱,scan_20260618_intraday.log
2026-06-18,15:34:02,intraday,512880,证券ETF,1.05,✗ 趋势偏弱,scan_20260618_intraday.log
2026-06-18,15:34:02,intraday,512890,红利低波ETF,1.115,✗ 趋势偏弱,scan_20260618_intraday.log
2026-06-18,15:34:02,intraday,512980,传媒ETF,0.827,✗ 趋势偏弱,scan_20260618_intraday.log
2026-06-18,15:34:02,intraday,513180,恒生科技ETF,0.58,✗ 趋势偏弱,scan_20260618_intraday.log
2026-06-18,15:34:02,intraday,515070,人工智能ETF,2.667,★ 买入信号,scan_20260618_intraday.log
2026-06-18,15:34:02,intraday,515790,光伏ETF,1.017,✗ 趋势偏弱,scan_20260618_intraday.log
2026-06-18,15:34:02,intraday,515880,通信ETF,1.822,◇ 多头排列,scan_20260618_intraday.log
2026-06-18,15:34:02,intraday,516110,汽车ETF,1.161,✗ 趋势偏弱,scan_20260618_intraday.log
2026-06-18,15:34:02,intraday,516160,新能源ETF,3.0,✗ 趋势偏弱,scan_20260618_intraday.log
2026-06-18,15:34:02,intraday,517520,黄金股ETF,1.838,✗ 趋势偏弱,scan_20260618_intraday.log
2026-06-18,15:34:02,intraday,562500,机器人ETF,1.144,- 趋势完好,scan_20260618_intraday.log
2026-06-18,15:34:02,intraday,562800,稀有金属ETF,1.148,★ 买入信号,scan_20260618_intraday.log
2026-06-18,15:34:02,intraday,588000,科创50ETF,2.017,★ 买入信号,scan_20260618_intraday.log
2026-06-22,15:34:09,intraday,159869,游戏ETF,1.085,✗ 趋势偏弱,scan_20260622_intraday.log
2026-06-22,15:34:09,intraday,159915,创业板ETF,4.379,★ 买入信号,scan_20260622_intraday.log
2026-06-22,15:34:09,intraday,159995,芯片ETF,2.92,★ 买入信号,scan_20260622_intraday.log
2026-06-22,15:34:09,intraday,510300,沪深300ETF,5.091,★ 买入信号,scan_20260622_intraday.log
2026-06-22,15:34:09,intraday,510500,中证500ETF,9.007,★ 买入信号,scan_20260622_intraday.log
2026-06-22,15:34:09,intraday,510880,红利ETF,3.125,✗ 趋势偏弱,scan_20260622_intraday.log
2026-06-22,15:34:09,intraday,512010,医药ETF,0.333,✗ 趋势偏弱,scan_20260622_intraday.log
2026-06-22,15:34:09,intraday,512100,中证1000ETF,3.58,◇ 多头排列,scan_20260622_intraday.log
2026-06-22,15:34:09,intraday,512200,房地产ETF,1.241,✗ 趋势偏弱,scan_20260622_intraday.log
2026-06-22,15:34:09,intraday,512400,有色金属ETF,2.155,★ 买入信号,scan_20260622_intraday.log
2026-06-22,15:34:09,intraday,512480,半导体ETF,2.552,★ 买入信号,scan_20260622_intraday.log
2026-06-22,15:34:09,intraday,512580,环保ETF,1.38,✗ 趋势偏弱,scan_20260622_intraday.log
2026-06-22,15:34:09,intraday,512660,军工ETF,1.298,✗ 趋势偏弱,scan_20260622_intraday.log
2026-06-22,15:34:09,intraday,512690,酒ETF,0.407,✗ 趋势偏弱,scan_20260622_intraday.log
2026-06-22,15:34:09,intraday,512800,银行ETF,0.771,✗ 趋势偏弱,scan_20260622_intraday.log
2026-06-22,15:34:09,intraday,512880,证券ETF,1.131,★ 买入信号,scan_20260622_intraday.log
2026-06-22,15:34:09,intraday,512890,红利低波ETF,1.114,✗ 趋势偏弱,scan_20260622_intraday.log
2026-06-22,15:34:09,intraday,512980,传媒ETF,0.853,✗ 趋势偏弱,scan_20260622_intraday.log
2026-06-22,15:34:09,intraday,513180,恒生科技ETF,0.582,✗ 趋势偏弱,scan_20260622_intraday.log
2026-06-22,15:34:09,intraday,515070,人工智能ETF,2.693,★ 买入信号,scan_20260622_intraday.log
2026-06-22,15:34:09,intraday,515790,光伏ETF,1.043,✗ 趋势偏弱,scan_20260622_intraday.log
2026-06-22,15:34:09,intraday,515880,通信ETF,1.859,◇ 多头排列,scan_20260622_intraday.log
2026-06-22,15:34:09,intraday,516110,汽车ETF,1.152,✗ 趋势偏弱,scan_20260622_intraday.log
2026-06-22,15:34:09,intraday,516160,新能源ETF,3.118,✗ 趋势偏弱,scan_20260622_intraday.log
2026-06-22,15:34:09,intraday,517520,黄金股ETF,1.869,✗ 趋势偏弱,scan_20260622_intraday.log
2026-06-22,15:34:09,intraday,562500,机器人ETF,1.17,◇ 多头排列,scan_20260622_intraday.log
2026-06-22,15:34:09,intraday,562800,稀有金属ETF,1.165,★ 买入信号,scan_20260622_intraday.log
2026-06-22,15:34:09,intraday,588000,科创50ETF,2.056,★ 买入信号,scan_20260622_intraday.log
2026-06-23,15:34:09,intraday,159869,游戏ETF,1.059,✗ 趋势偏弱,scan_20260623_intraday.log
2026-06-23,15:34:09,intraday,159915,创业板ETF,4.21,- 趋势完好,scan_20260623_intraday.log
2026-06-23,15:34:09,intraday,159995,芯片ETF,2.853,◇ 多头排列,scan_20260623_intraday.log
2026-06-23,15:34:09,intraday,510300,沪深300ETF,4.942,- 趋势完好,scan_20260623_intraday.log
2026-06-23,15:34:09,intraday,510500,中证500ETF,8.815,◇ 多头排列,scan_20260623_intraday.log
2026-06-23,15:34:09,intraday,510880,红利ETF,3.104,✗ 趋势偏弱,scan_20260623_intraday.log
2026-06-23,15:34:09,intraday,512010,医药ETF,0.333,✗ 趋势偏弱,scan_20260623_intraday.log
2026-06-23,15:34:09,intraday,512100,中证1000ETF,3.51,- 趋势完好,scan_20260623_intraday.log
2026-06-23,15:34:09,intraday,512200,房地产ETF,1.233,✗ 趋势偏弱,scan_20260623_intraday.log
2026-06-23,15:34:09,intraday,512400,有色金属ETF,1.976,✗ 趋势偏弱,scan_20260623_intraday.log
2026-06-23,15:34:09,intraday,512480,半导体ETF,2.512,◇ 多头排列,scan_20260623_intraday.log
2026-06-23,15:34:09,intraday,512580,环保ETF,1.329,✗ 趋势偏弱,scan_20260623_intraday.log
2026-06-23,15:34:09,intraday,512660,军工ETF,1.252,✗ 趋势偏弱,scan_20260623_intraday.log
2026-06-23,15:34:09,intraday,512690,酒ETF,0.399,✗ 趋势偏弱,scan_20260623_intraday.log
2026-06-23,15:34:09,intraday,512800,银行ETF,0.778,✗ 趋势偏弱,scan_20260623_intraday.log
2026-06-23,15:34:09,intraday,512880,证券ETF,1.131,◆ 趋势持有,scan_20260623_intraday.log
2026-06-23,15:34:09,intraday,512890,红利低波ETF,1.118,✗ 趋势偏弱,scan_20260623_intraday.log
2026-06-23,15:34:09,intraday,512980,传媒ETF,0.825,✗ 趋势偏弱,scan_20260623_intraday.log
2026-06-23,15:34:09,intraday,513180,恒生科技ETF,0.559,✗ 趋势偏弱,scan_20260623_intraday.log
2026-06-23,15:34:09,intraday,515070,人工智能ETF,2.593,- 趋势完好,scan_20260623_intraday.log
2026-06-23,15:34:09,intraday,515790,光伏ETF,0.998,✗ 趋势偏弱,scan_20260623_intraday.log
2026-06-23,15:34:09,intraday,515880,通信ETF,1.794,◇ 多头排列,scan_20260623_intraday.log
2026-06-23,15:34:09,intraday,516110,汽车ETF,1.124,✗ 趋势偏弱,scan_20260623_intraday.log
2026-06-23,15:34:09,intraday,516160,新能源ETF,2.97,✗ 趋势偏弱,scan_20260623_intraday.log
2026-06-23,15:34:09,intraday,517520,黄金股ETF,1.71,✗ 趋势偏弱,scan_20260623_intraday.log
2026-06-23,15:34:09,intraday,562500,机器人ETF,1.154,◇ 多头排列,scan_20260623_intraday.log
2026-06-23,15:34:09,intraday,562800,稀有金属ETF,1.241,◇ 多头排列,scan_20260623_intraday.log
2026-06-23,15:34:09,intraday,588000,科创50ETF,2.023,◇ 多头排列,scan_20260623_intraday.log
2026-06-24,15:34:11,intraday,159869,游戏ETF,1.063,✗ 趋势偏弱,scan_20260624_intraday.log
2026-06-24,15:34:11,intraday,159915,创业板ETF,4.258,- 趋势完好,scan_20260624_intraday.log
2026-06-24,15:34:11,intraday,159995,芯片ETF,3.012,◇ 多头排列,scan_20260624_intraday.log
2026-06-24,15:34:11,intraday,510300,沪深300ETF,4.967,- 趋势完好,scan_20260624_intraday.log
2026-06-24,15:34:11,intraday,510500,中证500ETF,8.985,◇ 多头排列,scan_20260624_intraday.log
2026-06-24,15:34:11,intraday,510880,红利ETF,3.048,✗ 趋势偏弱,scan_20260624_intraday.log
2026-06-24,15:34:11,intraday,512010,医药ETF,0.341,✗ 趋势偏弱,scan_20260624_intraday.log
2026-06-24,15:34:11,intraday,512100,中证1000ETF,3.551,◇ 多头排列,scan_20260624_intraday.log
2026-06-24,15:34:11,intraday,512200,房地产ETF,1.212,✗ 趋势偏弱,scan_20260624_intraday.log
2026-06-24,15:34:11,intraday,512400,有色金属ETF,1.98,✗ 趋势偏弱,scan_20260624_intraday.log
2026-06-24,15:34:11,intraday,512480,半导体ETF,2.652,◇ 多头排列,scan_20260624_intraday.log
2026-06-24,15:34:11,intraday,512580,环保ETF,1.335,✗ 趋势偏弱,scan_20260624_intraday.log
2026-06-24,15:34:11,intraday,512660,军工ETF,1.262,✗ 趋势偏弱,scan_20260624_intraday.log
2026-06-24,15:34:11,intraday,512690,酒ETF,0.39,✗ 趋势偏弱,scan_20260624_intraday.log
2026-06-24,15:34:11,intraday,512800,银行ETF,0.761,✗ 趋势偏弱,scan_20260624_intraday.log
2026-06-24,15:34:11,intraday,512880,证券ETF,1.111,★ 买入信号,scan_20260624_intraday.log
2026-06-24,15:34:11,intraday,512890,红利低波ETF,1.099,✗ 趋势偏弱,scan_20260624_intraday.log
2026-06-24,15:34:11,intraday,512980,传媒ETF,0.821,✗ 趋势偏弱,scan_20260624_intraday.log
2026-06-24,15:34:11,intraday,513180,恒生科技ETF,0.57,✗ 趋势偏弱,scan_20260624_intraday.log
2026-06-24,15:34:11,intraday,515070,人工智能ETF,2.656,◇ 多头排列,scan_20260624_intraday.log
2026-06-24,15:34:11,intraday,515790,光伏ETF,0.998,✗ 趋势偏弱,scan_20260624_intraday.log
2026-06-24,15:34:11,intraday,515880,通信ETF,1.827,◇ 多头排列,scan_20260624_intraday.log
2026-06-24,15:34:11,intraday,516110,汽车ETF,1.111,✗ 趋势偏弱,scan_20260624_intraday.log
2026-06-24,15:34:11,intraday,516160,新能源ETF,2.996,✗ 趋势偏弱,scan_20260624_intraday.log
2026-06-24,15:34:11,intraday,517520,黄金股ETF,1.711,✗ 趋势偏弱,scan_20260624_intraday.log
2026-06-24,15:34:11,intraday,562500,机器人ETF,1.137,▲ 接近支撑,scan_20260624_intraday.log
2026-06-24,15:34:11,intraday,562800,稀有金属ETF,1.154,- 趋势完好,scan_20260624_intraday.log
2026-06-24,15:34:11,intraday,588000,科创50ETF,2.096,◇ 多头排列,scan_20260624_intraday.log
2026-06-25,10:28:11,morning,159869,游戏ETF,1.088,✗ 趋势偏弱,scan_20260625_morning.log
2026-06-25,10:28:11,morning,159915,创业板ETF,4.28,◇ 多头排列,scan_20260625_morning.log
2026-06-25,10:28:11,morning,159995,芯片ETF,3.103,◇ 多头排列,scan_20260625_morning.log
2026-06-25,10:28:11,morning,510300,沪深300ETF,5.001,◇ 多头排列,scan_20260625_morning.log
2026-06-25,10:28:11,morning,510500,中证500ETF,8.974,◇ 多头排列,scan_20260625_morning.log
2026-06-25,10:28:11,morning,510880,红利ETF,3.019,✗ 趋势偏弱,scan_20260625_morning.log
2026-06-25,10:28:11,morning,512010,医药ETF,0.337,✗ 趋势偏弱,scan_20260625_morning.log
2026-06-25,10:28:11,morning,512100,中证1000ETF,3.544,- 趋势完好,scan_20260625_morning.log
2026-06-25,10:28:11,morning,512200,房地产ETF,1.197,✗ 趋势偏弱,scan_20260625_morning.log
2026-06-25,10:28:11,morning,512400,有色金属ETF,1.93,✗ 趋势偏弱,scan_20260625_morning.log
2026-06-25,10:28:11,morning,512480,半导体ETF,2.713,◇ 多头排列,scan_20260625_morning.log
2026-06-25,10:28:11,morning,512580,环保ETF,1.328,✗ 趋势偏弱,scan_20260625_morning.log
2026-06-25,10:28:11,morning,512660,军工ETF,1.254,✗ 趋势偏弱,scan_20260625_morning.log
2026-06-25,10:28:11,morning,512690,酒ETF,0.391,✗ 趋势偏弱,scan_20260625_morning.log
2026-06-25,10:28:11,morning,512800,银行ETF,0.76,✗ 趋势偏弱,scan_20260625_morning.log
2026-06-25,10:28:11,morning,512880,证券ETF,1.138,◇ 多头排列,scan_20260625_morning.log
2026-06-25,10:28:11,morning,512890,红利低波ETF,1.091,✗ 趋势偏弱,scan_20260625_morning.log
2026-06-25,10:28:11,morning,512980,传媒ETF,0.82,✗ 趋势偏弱,scan_20260625_morning.log
2026-06-25,10:28:11,morning,513180,恒生科技ETF,0.557,✗ 趋势偏弱,scan_20260625_morning.log
2026-06-25,10:28:11,morning,515070,人工智能ETF,2.686,◇ 多头排列,scan_20260625_morning.log
2026-06-25,10:28:11,morning,515790,光伏ETF,0.997,✗ 趋势偏弱,scan_20260625_morning.log
2026-06-25,10:28:11,morning,515880,通信ETF,1.835,◇ 多头排列,scan_20260625_morning.log
2026-06-25,10:28:11,morning,516110,汽车ETF,1.102,✗ 趋势偏弱,scan_20260625_morning.log
2026-06-25,10:28:11,morning,516160,新能源ETF,2.975,✗ 趋势偏弱,scan_20260625_morning.log
2026-06-25,10:28:11,morning,517520,黄金股ETF,1.639,✗ 趋势偏弱,scan_20260625_morning.log
2026-06-25,10:28:11,morning,562500,机器人ETF,1.145,- 趋势完好,scan_20260625_morning.log
2026-06-25,10:28:11,morning,562800,稀有金属ETF,1.171,- 趋势完好,scan_20260625_morning.log
2026-06-25,10:28:11,morning,588000,科创50ETF,2.134,◇ 多头排列,scan_20260625_morning.log
2026-06-26,14:43:04,intraday,159869,游戏ETF,1.073,✗ 趋势偏弱,scan_20260626_intraday.log
2026-06-26,14:43:04,intraday,159915,创业板ETF,4.236,- 趋势完好,scan_20260626_intraday.log
2026-06-26,14:43:04,intraday,159995,芯片ETF,3.14,◇ 多头排列,scan_20260626_intraday.log
2026-06-26,14:43:04,intraday,510300,沪深300ETF,4.919,- 趋势完好,scan_20260626_intraday.log
2026-06-26,14:43:04,intraday,510500,中证500ETF,8.882,- 趋势完好,scan_20260626_intraday.log
2026-06-26,14:43:04,intraday,510880,红利ETF,2.96,✗ 趋势偏弱,scan_20260626_intraday.log
2026-06-26,14:43:04,intraday,512010,医药ETF,0.337,✗ 趋势偏弱,scan_20260626_intraday.log
2026-06-26,14:43:04,intraday,512100,中证1000ETF,3.497,- 趋势完好,scan_20260626_intraday.log
2026-06-26,14:43:04,intraday,512200,房地产ETF,1.198,✗ 趋势偏弱,scan_20260626_intraday.log
2026-06-26,14:43:04,intraday,512400,有色金属ETF,1.847,✗ 趋势偏弱,scan_20260626_intraday.log
2026-06-26,14:43:04,intraday,512480,半导体ETF,2.765,◇ 多头排列,scan_20260626_intraday.log
2026-06-26,14:43:04,intraday,512580,环保ETF,1.306,✗ 趋势偏弱,scan_20260626_intraday.log
2026-06-26,14:43:04,intraday,512660,军工ETF,1.249,✗ 趋势偏弱,scan_20260626_intraday.log
2026-06-26,14:43:04,intraday,512690,酒ETF,0.389,✗ 趋势偏弱,scan_20260626_intraday.log
2026-06-26,14:43:04,intraday,512800,银行ETF,0.748,✗ 趋势偏弱,scan_20260626_intraday.log
2026-06-26,14:43:04,intraday,512880,证券ETF,1.115,- 趋势完好,scan_20260626_intraday.log
2026-06-26,14:43:04,intraday,512890,红利低波ETF,1.084,✗ 趋势偏弱,scan_20260626_intraday.log
2026-06-26,14:43:04,intraday,512980,传媒ETF,0.804,✗ 趋势偏弱,scan_20260626_intraday.log
2026-06-26,14:43:04,intraday,513180,恒生科技ETF,0.541,✗ 趋势偏弱,scan_20260626_intraday.log
2026-06-26,14:43:04,intraday,515070,人工智能ETF,2.646,- 趋势完好,scan_20260626_intraday.log
2026-06-26,14:43:04,intraday,515790,光伏ETF,1.006,✗ 趋势偏弱,scan_20260626_intraday.log
2026-06-26,14:43:04,intraday,515880,通信ETF,1.769,- 趋势完好,scan_20260626_intraday.log
2026-06-26,14:43:04,intraday,516110,汽车ETF,1.08,✗ 趋势偏弱,scan_20260626_intraday.log
2026-06-26,14:43:04,intraday,516160,新能源ETF,2.907,✗ 趋势偏弱,scan_20260626_intraday.log
2026-06-26,14:43:04,intraday,517520,黄金股ETF,1.596,✗ 趋势偏弱,scan_20260626_intraday.log
2026-06-26,14:43:04,intraday,562500,机器人ETF,1.141,- 趋势完好,scan_20260626_intraday.log
2026-06-26,14:43:04,intraday,562800,稀有金属ETF,1.119,- 趋势完好,scan_20260626_intraday.log
2026-06-26,14:43:04,intraday,588000,科创50ETF,2.155,◇ 多头排列,scan_20260626_intraday.log
